序號,縣市別,鄉/鎮/市/區,服務村里,申請單位名稱,地址,聯絡人,電話,"服務起始日
(核定日期)",lat,lon
1,臺北市,中山區,中央里;,臺北市中山區中央里民社區發展協會,臺北市中山區中央里伊通街125巷11-1號1樓,鄭喬文,0972-295633,,25.0540927,121.535417
2,臺北市,中山區,大直里;,社團法人臺北市中山區大直社區發展協會,臺北市中山區大直里大直路21巷1號4樓(大直第一區民活動中心)及臺北市大直街39巷3號1,陳怡靜,02-25329522 / 0916780645,,25.082582,121.546735
3,臺北市,中山區,康樂里;,財團法人台北市台北中華基督教會(公理堂),臺北市中山區康樂里中山北路2段45巷39號,張正忠,02-25118021,107/11/12,25.0545129,121.5249793
4,臺北市,中山區,行政里;,臺北市中山區行政里辦公處,臺北市中山區行政里民權東路2段135巷20弄18號1樓,鄭崇甫,0915-560-921,,25.0621287,121.5375231
5,臺北市,中山區,,臺北市中山區永安里辦公處,臺北市中山區永安里明水路389號,唐楷瀚,0910-857885,,25.0776146,121.5465074
6,臺北市,中山區,永安里;劍潭里;大直里;金泰里;北安里;圓山里,社團法人臺北市生命樹健康關懷協會,臺北市中山區永安里北安路458巷41弄50號,蔡雅欣,0932314995,,25.0789041,121.5465332
7,臺北市,中山區,行仁里;,財團法人臺北市松年長春社會福利基金會(中山),臺北市中山區行仁里龍江路318巷7號1樓,林青萍,02-25000206,,25.0648629,121.5404259
8,臺北市,中山區,民安里;集英里;聚盛里;,社團法人中華民國明健慈善公益協進會,臺北市中山區民安里民生西路6號6樓,林進興,0987326467,109/02/01,25.0577417,121.5223787
9,臺北市,中山區,,財團法人台灣老人急重症基金會(中山據點),臺北市中山區中山里中山北路2段77巷14號3樓,黃穗秋,02-25224388,,25.05737,121.524349
10,臺北市,中山區,,慈濟八德環保教育站,臺北市中山區中庄里八德路二段118號,慈濟台北分會,02-27760111,104/09/09,25.045941,121.5370697
11,臺北市,中山區,聚盛里;,財團法人台灣老人急重症基金會,臺北市中山區聚盛里民生東路一段42號7樓之3,黃穗秋,02-25224388,,25.0579194,121.5244916
12,臺北市,中山區,中原里;,財團法人台灣省私立健順養護中心(中山老人住宅暨服務中心),臺北市中山區中原里新生北路2段101巷2號,陳奕勳,02-25420006#100,101/06/18,25.057139,121.528395
13,臺北市,中山區,,臺北市中山區正守里辦公處,臺北市中山區正守里林森北路67巷7號1.2樓,陳育群,0975-875967,,25.0486467,121.5249137
14,臺北市,中山區,新喜里;,財團法人新北市基督教新希望教會(新喜),臺北市中山區新喜里吉林路433巷17號,游美花,02-25993693,,25.0670215,121.5313213
15,臺北市,中山區,朱崙里;埤頭里;力行里;,臺北市中山區朱厝崙社區發展協會,臺北市中山區朱崙里龍江路15號3樓(朱崙區民活動中心),高銘鴻,02-27815504    0936-096604,094/10/18,25.0475413,121.5405446
16,臺北市,中山區,新庄里;,臺北市中山區新福里辦公處,臺北市中山區新庄里新生北路三段105號,童勝輝,0910-195039,,25.0707864,121.5292897
17,臺北市,中山區,中原里;康樂里;中吉里;,台北市敬老協會,臺北市中山區中原里新生北路2段41巷7號1樓,楊金春,02-2581-9955,106/08/02,25.0555034,121.5281228
18,臺北市,中山區,中央里;,財團法人味全文化教育基金會,臺北市中山區中央里松江路125號4樓,賀培俞,02-25065001,107/11/12,25.0531691,121.5334641
19,臺北市,中山區,正得里;正守里;正義里;,財團法人台北市中山基督長老教會,臺北市中山區正得里林森北路62號,李真,02-25518480#119,107/11/13,25.0489614,121.5242278
20,臺北市,中山區,中山里;,財團法人台灣老人急重症基金會(龍洲據點),臺北市中山區龍洲里民生東路3段88巷1號,黃穗秋,02-25224388,,25.0576214,121.5417828
21,臺北市,中山區,江山里;江寧里;下埤里;,社團法人台灣厝邊有愛關懷協會(中興教會),臺北市中山區江山里復興北路280巷8號,白惠芳,02-23636356,,25.0585956,121.5433582
22,臺北市,中山區,北安里;,社團法人台北市家庭照顧者關懷協會,臺北市中山區北安里北安路805巷4弄5號地下,陳怡靜,0916-780645,,25.0862564,121.5543684
23,臺北市,中山區,民安里;正守里;正義里;正得里;康樂里;,臺北市中山區民安里辦公處,臺北市中山區民安里長安西路3號3樓之1,王俊堯,0983-672893,,25.050231,121.521014
24,臺北市,中山區,晴光里;,晴光里辦公處,臺北市中山區晴光里雙城街18巷20號,林姿吟,0981-201026,107/11/21,25.0653711,121.5230588
25,臺北市,中山區,劍潭里;,臺北市中山區劍潭里里辦公處,臺北市中山區劍潭里通北街143號,黃開芳,0952-630327,098/02/16,25.084918,121.538043
26,臺北市,中山區,力行里;,社團法人中華社區厝邊頭尾營造協會,臺北市中山區力行里南京東路3段130號3樓,石美姬,0939-260482,,25.0515961,121.5408639
27,臺北市,中山區,行政里;,臺北市長青福利會,臺北市中山區行政里民權東路二段135巷30弄18號1樓,湯淑惠,02-25079552,096/09/01,25.0641516,121.5343007
28,臺北市,中山區,新福里;新喜里;新庄里;恆安里;,財團法人天主教中華道明會,臺北市中山區新福里吉林路378號,陳秋美,2594-2294#4071,,25.0645903,121.5298819
29,臺北市,中山區,正義里;,社團法人天主教中華基督神修小會之友人文關懷與服務促進協會,臺北市中山區正義里林森北路73號2樓,戎巧復小姐,0937-937856,,25.0493129,121.5248958
30,臺北市,中山區,復華里;朱馥里;龍洲里;力行里;江山里;,臺北市復華長青多元服務中心(財團法人台灣省私立健順養護中心),臺北市中山區復華里遼寧街185巷11號,賴安安,2717-1393#166,107/08/02,25.0534368,121.5427985
31,臺北市,中山區,朱園里;,臺北市中山區朱園里辦公處,臺北市中山區朱園里松江路25巷9號B1,柯為譯,0972-295636,,25.0475789,121.5339642
32,臺北市,中山區,,台北市中山區埤頭里辦公處,臺北市中山區埤頭里安東街5之2號,黃基淋,0913-011212,,25.0461133,121.5421096
33,臺北市,中山區,中原里;,臺北市中山區中原里辦公處,臺北市中山區中原里新生北路2段53號2樓,羅崇華,02-2531-5557,,25.0560942,121.5279621
34,臺北市,中山區,,臺北市中山區行孝里辦公處,臺北市中山區行孝里民族東路282號4樓,呂勗淇,02-25172230,,25.0677405,121.5358764
35,臺北市,中山區,下埤里;江寧里;行孝里;行仁里;行政里;,財團法人新北市基督教新希望教會(中山五常),臺北市中山區下埤里龍江路377巷20號1樓,甘路得,02-25154949,107/11/21,25.0646843,121.5421459
36,臺北市,中山區,江寧里;,社團法人臺北市基督教合江拿撒勒人會,臺北市中山區江寧里合江街127巷6號,傳道,0911-781607,,25.0606278,121.539633
37,臺北市,中山區,大直里;,臺北市中山區大直社區發展協會,臺北市中山區大直里大直路21巷1號4樓(大直第一區民活動中心)及臺北市大直街39巷3號1,陳怡靜,02-25329522 / 0916780645,107/11/13,25.082582,121.546735
38,臺北市,中山區,圓山里;,財團法人佳音文教基金會,臺北市中山區圓山里雙城街43巷2號1樓,楊勝榮,2585-4116,,25.0675634,121.5247386
39,臺北市,中正區,文北里;幸市里;,財團法人伽耶山基金會,臺北市中正區文北里濟南路二段36號2樓、3樓、4樓,陳盈蒨,02-23946800,,25.0406143,121.5295905
40,臺北市,中正區,南福里;,社團法人中華民國愛之語全人關懷教育協會,臺北市中正區南福里羅斯福路2段44號2樓,高宜利,02-23215690,,25.0279578,121.5214365
41,臺北市,中正區,文盛里;,財團法人環宇國際文化教育基金會古亭據點,臺北市中正區文盛里羅斯福路3段240巷17弄3號,賴世芸,02-23641334,107/07/24,25.0176349,121.5290591
42,臺北市,中正區,水源里;,台北市寶藏巖文化村協會,臺北市中正區水源里汀州路三段230巷14弄10號,詹智雄,0926579112,,25.0105669,121.5324161
43,臺北市,中正區,永昌里;永功里;龍興里;廈安里;忠勤里;,臺北市永昌長青會,臺北市中正區永昌里寧波西街181巷24號1樓,尹大陸,02-23071068,100/03/03,25.026537,121.510054
44,臺北市,中正區,螢圃里;網溪里;河堤里;板溪里;螢雪里;頂東里;,財團法人中華基督教廈門街浸信會,臺北市中正區螢圃里厦門街81巷20號,李彩霞,02-23687582#213,096/09/06,25.0243156,121.5192916
45,臺北市,中正區,新營里;,臺北市中正區新營共好社區發展協會,臺北市中正區新營里金華街20號,賴嘉妤,02-23567317,,25.0316513,121.5204356
46,臺北市,中正區,龍光里;永功里;永昌里;龍興里;龍福里;南福里;廈安里,台北市愛羊全人關懷協會,臺北市中正區龍光里和平西路2段15號1樓／17號2樓,耿奇華,0937-888594,,,
47,臺北市,中正區,黎明里;光復里;,社團法人中華婦女聯合會,臺北市中正區黎明里館前路6號12樓之2,何建華,0907-828668,,25.0460588,121.5148618
48,臺北市,中正區,網溪里;,臺北市中正區網溪社區發展協會,臺北市中正區網溪里廈門街113巷12之1號1樓,廖從翔,0933-254307,,25.023294,121.5193769
49,臺北市,中正區,文祥里;三愛里;文北里;,臺北市中正區文祥社區發展協會(大東門),臺北市中正區文祥里杭州南路1段131巷22號,李淑珍,0919-319818,107/11/20,25.0360731,121.524089
50,臺北市,中正區,三愛里;,臺北市中正區三愛里辦公處,臺北市中正區三愛里連雲街26巷9號,陳仁志,0938205215,,25.0367399,121.5312848
51,臺北市,中正區,梅花里;,台北市廣西同鄉會,臺北市中正區梅花里忠孝東路1段35號7樓,嚴夢春,02-23210375,107/11/02,25.0452974,121.5216527
52,臺北市,中正區,文盛里;,財團法人耕莘文教基金會,臺北市中正區文盛里辛亥路1段22號4樓,王譽書,02-23655615,,25.00046,121.5545729
53,臺北市,中正區,永功里;,臺北市中正區永功里辦公處,臺北市中正區永功里詔安街114號,楊翠玉,0914-152169,,25.0256991,121.5109546
54,臺北市,中正區,幸福里;幸市里;文北里;文祥里;梅花里;,台灣華山開心協會,臺北市中正區幸福里忠孝東路1段150號2樓,林露菁,23278616,,25.0452974,121.5216527
55,臺北市,中正區,光復里;,中華全齡關懷協會(光復),臺北市中正區光復里博愛路134號10樓,葉玉參,02-25218226,,25.0429683,121.5113287
56,臺北市,中正區,螢雪里;,財團法人采苑藝術文教基金會,臺北市中正區螢雪里詔安街29號(螢橋國小新大樓2樓),葉俐瑩,02-23018400,,25.0251379,121.5143526
57,臺北市,中正區,永昌里;,臺北市中正區永寬社區發展協會,臺北市中正區永昌里寧波西街181巷8號,陳麒文,02-23014838,107/11/02,25.0266493,121.5104644
58,臺北市,中正區,頂東里;河堤里;,台灣旺齡協會,臺北市中正區頂東里羅斯福路3段84巷13、15號1樓,蔡沐芙,02-23680690,107/07/24,25.0216107,121.5268154
59,臺北市,中正區,林興里;,臺北市中正區新林興社區發展協會,臺北市中正區林興里汀州路3段27巷16號/水源路臨28號,蔣念臻,0932-254425,107/11/02,25.0196889,121.527328
60,臺北市,中正區,南門里;,臺北市中正區南門里辦公處,臺北市中正區南門里博愛路163號(小南門區民活動中心),郭有賢,0928-490157,104/09/01,25.0348513,121.5110126
61,臺北市,中正區,永功里;龍興里;龍光里;螢雪里;南福里;廈安里;,財團法人台北市中國基督教靈糧世界佈道會台北靈糧堂(古亭靈糧福音中心),臺北市中正區永功里三元街198號1樓,孫玉玲,02-23396540,107/11/02,25.0276511,121.5119608
62,臺北市,中正區,忠勤里;,社團法人臺北市臻佶祥社會服務協會,臺北市中正區忠勤里中華路2段315巷14、16、18號,陳奕儒,02-23036281,094/10/18,,
63,臺北市,中正區,龍興里;,臺北市中正區欣龍興社區發展協會,臺北市中正區龍興里三元街131號4樓(龍興區民活動中心),陳月容,0917-522883,,25.0283,121.511
64,臺北市,中正區,南福里;板溪里;新營里;,財團法人臺北市松年長春社會福利基金會(284),臺北市中正區南福里羅斯福路1段94、96號11樓(中央教會),梁世賢,0932-862740,,25.0241961,121.5248845
65,臺北市,信義區,興雅里;,財團法人中華民國大同老人福利基金會,臺北市信義區興雅里基隆路1段155號3樓之6-9,李怡雯,02-27670563,,25.0419415,121.5653136
66,臺北市,信義區,景聯里;,台灣體適能健康促進協會(黎平),臺北市信義區黎平里富陽街12號1樓,黃貞珮,0938-598298,,25.0234857,121.5561889
67,臺北市,信義區,,慈濟信義吳興環保教育站,臺北市信義區西村里松仁路315巷14號1樓,慈濟台北東區聯落處,02-27662209,104/09/09,25.0230211,121.5709489
68,臺北市,信義區,中坡里;,社團法人台灣厝邊有愛關懷協會(中坡教會),臺北市信義區中坡里臺北市大道路127-1號,白惠芳,02-23635546/0989-080059,,25.0391641,121.5835872
69,臺北市,信義區,黎忠里;,台灣體適能健康促進協會(黎忠),臺北市信義區黎忠里和平東路3段391巷16號2樓,黃貞珮,0938-598298,,25.0203068,121.559121
70,臺北市,信義區,中坡里;,社團法人台北市銀髮族協會(信義),臺北市信義區中坡里中坡南路277號1樓,李心茜,02-87806411,,,
71,臺北市,信義區,四育里;,臺北市信義區四育里辦公處,臺北市信義區四育里虎林街30巷19號,王丹萍,0976-422699,107/11/03,25.0470616,121.5760302
72,臺北市,信義區,中行里;,臺北市信義區中行里辦公處,臺北市信義區中行里福德街268巷32號,林美君,02-27274777,107/11/03,25.039887,121.5857963
73,臺北市,信義區,安康里;,臺北市信義區安康里辦公處,臺北市信義區安康里虎林街232巷55號,萬宇恆,02-27273989,,25.0358654,121.5761703
74,臺北市,信義區,泰和里;,臺北市信義區泰和社區發展協會,臺北市信義區泰和里松仁路308巷60號1樓；松仁路308巷61號,曾德莉,0987-052143,,25.0212392,121.5699532
75,臺北市,信義區,,臺北市信義區六合里辦公處,臺北市信義區六合里松仁路240巷19號3樓,陳盈如,0916-712656,,25.024319,121.5688427
76,臺北市,信義區,雙和里;,臺北市信義區雙和社區發展協會,臺北市信義區雙和里吳興街284巷24弄12號(雙和社區發展協會),李晴湄,02-27381447,094/10/18,25.0242953,121.5631423
77,臺北市,信義區,大仁里;,中華民國紅心字會(信義),臺北市信義區大仁里大道路116號5樓之3,林偉婷,02-87870300 #107,095/04/21,25.03777,121.5813853
78,臺北市,信義區,永吉里;,財團法人中華民國佛教慈濟慈善事業基金會(539),臺北市信義區永吉里松隆路327號,賴珈文,0937-903855,,25.0482881,121.5786738
79,臺北市,信義區,長春里;,臺北市信義區永安社區發展協會,臺北市信義區長春里松山路294號4樓,林陳春子,02-27238588,,25.0431291,121.5774477
80,臺北市,信義區,中行里;,台北市君賀人本關懷協會,臺北市信義區中行里福德街221巷15號（瑠公國中）,陳基,02-23278616,107/11/03,25.0370894,121.5854371
81,臺北市,信義區,松光里;,臺北市信義區松光里辦公處,臺北市信義區松光里臺北市忠孝東路5段492巷32號,劉麗勤,0961-364097,106/03/25,25.0405415,121.566819
82,臺北市,信義區,嘉興里;,臺北市信義區嘉興里辦公處,臺北市信義區嘉興里嘉興街175巷6號,鄭智耀,0933-267062,,25.02764,121.5575501
83,臺北市,信義區,雅祥里;,臺北市信義區興雅祥社區發展協會,臺北市信義區雅祥里基隆路1段35巷9弄2號1樓,鄭淑婷,0978-810820,,25.0419415,121.5653136
84,臺北市,信義區,,慈濟信義永吉環保站,臺北市信義區西村里虎林街212巷22號1樓,慈濟台北東區聯落處,02-27662209,104/09/09,25.0376722,121.5764862
85,臺北市,信義區,三犁里;,台北市信義區三犁里辦公處,臺北市信義區三犁里信義路5段150巷14弄6號1樓,翁信利,0911-822428,,25.0284117,121.5694235
86,臺北市,信義區,,臺北市信義區長春里辦公處,臺北市信義區長春里忠孝東路5段423巷45號,許錦忠,0937-042279,,25.0405415,121.566819
87,臺北市,信義區,五全里;,臺北市信義區五全里辦公處,臺北市信義區五全里臺北市永吉路278巷1弄13號,吳秀好,0921-126652,096/09/01,25.0450599,121.5746124
88,臺北市,信義區,,臺北市信義區國業里辦公處,臺北市信義區國業里虎林街222巷15號,林銘賢,02-27262518,,25.0370782,121.5769411
89,臺北市,信義區,長春里;永春里;永吉里;四維里;富台里;五常里;,臺北市信義區雙春社區發展協會,臺北市信義區長春里松山路294號2樓,謝淑宜,02-27695123,,25.0430691,121.5775774
90,臺北市,信義區,西村里;,臺北市信義區西村里辦公處,臺北市信義區西村里台北市基隆路一段364巷22號,方建中,0939-585853,,25.0348235,121.5595015
91,臺北市,信義區,正和里;,財團法人雙福社會福利慈善基金會(信義堂),臺北市信義區正和里光復南路443巷9號／光復南路447-44號,裘啟瑩／李南初,0918-411278／0920-389792,096/05/01,25.0357461,121.55853
92,臺北市,信義區,景勤里;,財團法人臺北醫學大學展齡中心(信義),臺北市信義區景勤里台北市信義區景勤里吳興街156巷16弄7號,邱佳慧/王明旭,02-27361661#2676,107/11/03,25.0288592,121.5608387
93,臺北市,信義區,,臺北市信義區四維里辦公處,臺北市信義區四維里虎林街70巷1號1樓,劉耀平,0915-252215,,25.0441982,121.5768646
94,臺北市,信義區,廣居里;松友里;安康里;國業里;,社團法人台灣厝邊有愛關懷協會(永吉教會),臺北市信義區廣居里臺北市虎林街155、157、159號,白惠芳,02-23635546,107/11/03,25.0394434,121.5768521
95,臺北市,信義區,五常里;,臺北市信義區五常里辦公處,臺北市信義區五常里永吉路187巷6弄6號1樓,游育靖,02-27565848,,25.046545,121.5730038
96,臺北市,信義區,中興里;正和里;西村里;興隆里;新仁里;,台北市紅十字會,臺北市信義區中興里信義路四段415號5樓之3,范素玲,0928-824718,,25.0333496,121.5593845
97,臺北市,信義區,大道里;,臺北市基督教新榮耀堂福音協進會,臺北市信義區大道里忠孝東路5段782號,關允文,0921-828764,107/11/03,25.0405415,121.566819
98,臺北市,信義區,大道里;,臺北市信義區大道里辦公處,臺北市信義區大道里忠孝東路5段790巷62弄9號,何美芳,02-27267933,,25.0409747,121.5832672
99,臺北市,信義區,中興里;西村里;正和里;新仁里;敦厚里;興隆里;,財團法人台北市中華基督教信義會(復興堂),臺北市信義區中興里信義路4段375號10樓之2,萬台安,02-27200440,,25.033297,121.5577964
100,臺北市,信義區,,臺北市信義區正和里辦公處,臺北市信義區正和里仁愛路4段452巷3號(正和區民活動中心),呂蕙蕙,0900-601390,,25.0370861,121.5593222
101,臺北市,信義區,黎安里;,臺北醫學大學高齡健康管理學系(大我新舍),臺北市信義區黎安里和平東路3段599號,劉芳,02-27361661#6341,107/11/03,25.0002887,121.5735773
102,臺北市,信義區,三張里;,財團法人台北市基督教全人福利事業基金會(吳興教會),臺北市信義區三張里吳興街269巷18弄8號,李麗娜,0938-390201,107/07/24,25.0270495,121.5648277
103,臺北市,信義區,松友里;,臺北市信義區松友社區發展協會,臺北市信義區松友里信義路6段76巷2弄22號1樓,張海秋,02-2346-6669,107/11/03,25.0344075,121.5760432
104,臺北市,信義區,永春里;,臺北市信義區永春社區發展協會,臺北市信義區永春里松山路287巷3弄21號,許蕙蘭,0910-150308,,25.0435193,121.57823
105,臺北市,信義區,,臺北市信義區黎順里辦公處,臺北市信義區黎順里崇德街15號,卓秀娟,02-23770037,,25.0244485,121.5535299
106,臺北市,信義區,,慈濟信義英仁環保教育站,臺北市信義區西村里中坡南路168巷2號,慈濟台北東區聯落處,02-27662209,104/09/09,25.0392717,121.5839852
107,臺北市,信義區,惠安里;,臺北市信義區惠安里辦公處,臺北市信義區惠安里臺北市吳興街506巷21號,周葉長,0921-912430,,25.0230002,121.5685041
108,臺北市,信義區,六合里;,臺北市信義區挹翠社區發展協會,臺北市信義區六合里紫雲街23號1樓,吳寶猜,02-27228636,,25.0185873,121.5743968
109,臺北市,信義區,嘉興里;黎順里;黎忠里;景勤里;雙和里;黎安里;,中華民國老人福利協進會,臺北市信義區嘉興里信安街78-80號2樓,周燕菲,02-27387235,096/02/01,25.0260907,121.5571725
110,臺北市,信義區,,臺北市信義區景聯里辦公處,臺北市信義區景聯里基隆路2段39巷37弄2號,洪福周,0900-602217,,25.0306682,121.5600567
111,臺北市,信義區,,臺北市信義區富台里辦公處,臺北市信義區富台里忠孝東路5段423巷4弄22號,羅至佑,0901-156880,,25.0405415,121.566819
112,臺北市,內湖區,康寧里;明湖里;,財團法人基督教中國佈道會,臺北市內湖區康寧里內湖區康寧里康寧路3段99巷39弄66號,翁嘉恩,0920-432363,107/11/23,25.0742611,121.6106047
113,臺北市,內湖區,石潭里;寶湖里;湖興里;週美里;行善里;,臺北市內湖區石潭社區發展協會,臺北市內湖區石潭里成功路二段1號2樓,羅淑如,0929-571110,107/07/20,25.0620782,121.5910579
114,臺北市,內湖區,寶湖里;,臺北市內湖社區安全與健康協進會,臺北市內湖區寶湖里民權東路六段208號,古秀月,02-27934447,107/07/23,25.0668288,121.5965738
115,臺北市,內湖區,金瑞里;,臺北市內湖區碧湖社區發展協會(金瑞據點),臺北市內湖區金瑞里金龍路218號(內湖路3段348巷6號),程進樑,0935-245293,,25.0913496,121.5834222
116,臺北市,內湖區,安泰里;東湖里;樂康里;內溝里;,臺北市內湖區安泰里社區發展協會,臺北市內湖區安泰里安泰街65巷5號,鐘虹期,0917-979715,,25.0749478,121.6171464
117,臺北市,內湖區,週美里;,臺北市內湖區週美里辦公處,臺北市內湖區週美里南京東路6段330巷18弄12號1樓,丘麗玲,0921-140488,,25.0610146,121.5871576
118,臺北市,內湖區,碧山里;,財團法人台福基督教會,臺北市內湖區碧山里內湖路三段143巷7號1F,張舒莉,02-87928125,112/01/01,25.0871243,121.5896464
119,臺北市,內湖區,清白里;,臺北市內湖區清白社區發展協會,臺北市內湖區清白里星雲街168巷29號1樓/星雲街161巷3號(清白區民活動中心),沈政宏,0988-117571,,25.0811491,121.596101
120,臺北市,內湖區,港墘里;港富里;港都里;港華里;湖濱里;西湖里;,台北市內湖紳士協會,臺北市內湖區港墘里內湖路1段552號(港墘區民活動中心),吳淑惠,0918-819089,099/06/08,25.0787637,121.577007
121,臺北市,內湖區,湖興里;湖元里;寶湖里;週美里;石潭里;金湖里;,中華民國天使之家全人關懷協會,臺北市內湖區湖興里成功路2段240-242號1樓,黃池麗子,0920-325521,107/07/23,25.065888,121.5900616
122,臺北市,內湖區,瑞陽里;,財團法人台北市基督教台灣貴格會內湖慈光堂,臺北市內湖區瑞陽里文德路66巷49弄5號,陳祈蒼,0952-877459,107/11/23,25.0772459,121.5820736
123,臺北市,內湖區,港墘里;,財團法人台灣基督教恩惠福音會,臺北市內湖區港墘里內湖路1段608號,程廣恩,02-27971000,107/07/23,25.0823089,121.5683655
124,臺北市,內湖區,寶湖里;石潭里;,臺北市內湖區灣仔社區發展協會,臺北市內湖區寶湖里民權東路6段208號6樓(網球中心6樓),顏 聰 明,0961-365688,,25.0675708,121.596956
125,臺北市,內湖區,紫雲里;,臺北市內湖區紫雲社區發展協會,臺北市內湖區紫雲里康寧路一段228號,夏亦芳,02-2791-3337/0933-405308,,25.07823,121.596029
126,臺北市,內湖區,紫星里;紫雲里;,財團法人基督教台灣信義會 內湖思恩堂,臺北市內湖區紫星里康寧路1段62號,呂麗珍,0936-649973,,25.0757493,121.6094778
127,臺北市,內湖區,石潭里;,社團法人社區大學全國促進會,臺北市內湖區石潭里新明路22號純美樓3樓,鄭宇捷,02-66050919#211,,25.0603327,121.5905378
128,臺北市,內湖區,金龍里;金瑞里;碧山里;,台北市內湖區碧湖社區發展協會,臺北市內湖區金龍里金龍路136-1號2樓,程進樑,0935-245293,095/05/24,25.0857648,121.590059
129,臺北市,內湖區,金湖里;,康寧學校財團法人康寧大學,臺北市內湖區金湖里康寧路三段75巷137號,陳秀珍,02-26321181#683,111/01/01,25.0754813,121.6095569
130,臺北市,內湖區,西湖里;西安里;西康里;港墘里;,財團法人基督教救世軍,臺北市內湖區西湖里內湖路1段285巷63弄7號,張玉貞,02-27990098,107/08/17,25.083938,121.5670711
131,臺北市,內湖區,湖濱里;,臺北市內湖區湖濱里辦公處,臺北市內湖區湖濱里內湖路2段346號1樓,陳尤雪,0938-082264,,25.0818588,121.5899931
132,臺北市,內湖區,金龍里;湖濱里;碧山里;內湖里;清白里;金瑞里;,台北市內湖永續發展協會,臺北市內湖區金龍里金龍路 136-1號2樓/金龍路67巷7號1樓,溪筱蕙,02-27908099,107/11/23,25.0857648,121.590059
133,臺北市,內湖區,,慈濟內湖園區環保教育站,臺北市內湖區西湖里成功路五段168號,慈濟內湖聯絡處,02-27938563,104/09/09,25.0833796,121.6052859
134,臺北市,內湖區,五分里;東湖里;樂康里;,財團法人福智慈善基金會(東湖教室),臺北市內湖區五分里東湖路106巷6號1樓,王重欽,02-26335547,,25.0682158,121.6153739
135,臺北市,內湖區,湖興里;寶湖里;湖元里;東湖里;紫雲里;蘆洲里;,臺北市內湖區湖興里辦公處,臺北市內湖區湖興里成功路2段320巷19號3樓,蔡穎峰,0933-206109,,25.0676901,121.5899871
136,臺北市,內湖區,東湖里;,社團法人中華民國香柏樹長者社區關懷協會(內湖老人服務中心),臺北市內湖區東湖里康樂街110巷16弄20號5.6樓,孔培華,02-26325560#16,095/04/21,25.0704268,121.6183878
137,臺北市,內湖區,清白里;,臺北市內湖區清白里辦公處,臺北市內湖區清白里星雲街161巷3號1樓,陳東源,0935-028280,,25.0811515,121.596101
138,臺北市,內湖區,大湖里;,臺北市內湖區大湖里辦公處,臺北市內湖區大湖里大湖山莊街117號4樓,郭坤祥,0939-020275,,25.0860641,121.6017634
139,臺北市,內湖區,內湖里;湖濱里;大湖里;,財團法人福智慈善基金會(285),臺北市內湖區內湖里內湖路2段486號、488號3樓,林鴻雯,02-27963275,,25.0843044,121.5933473
140,臺北市,內湖區,湖元里;湖興里;,財團法人台北市基督教台灣貴格會忠湖教會,臺北市內湖區湖元里民權東路六段56巷5弄8號1樓,吳麗芳,02-27923347,,25.0682796,121.5851851
141,臺北市,內湖區,港都里;,臺北市麗山社區關懷協會,臺北市內湖區港都里麗山街348巷22號1-2樓及24號2樓(麗山禮拜堂),鄭秋暉   曹蘭萍,0921-057599,,25.081954,121.5742339
142,臺北市,內湖區,港富里;,臺北市內湖區港富里辦公處,臺北市內湖區港富里麗山街47號,李安邦,0932-018939,,25.0808877,121.5806316
143,臺北市,北投區,,慈濟關渡園區環保教育站,臺北市北投區建民里大度路三段110號,慈濟關渡至業園區,02-28969977,104/09/09,25.123259,121.4718611
144,臺北市,北投區,永和里;永欣里;永明里;振華里;,臺北市北投區幸福永和社區發展協會,臺北市北投區永和里行義路63號,曾富榆,0928-363298/0928-868298,,25.1262348,121.5279581
145,臺北市,北投區,吉利里;東華里;永明里;吉慶里;尊賢里;立賢里;,社團法人國際奔享體驗教育發展協會(吉利真光),臺北市北投區吉利里石牌路一段39巷80弄41號1樓,呂艷蕾,02-28288884,,25.1159996,121.5109257
146,臺北市,北投區,長安里;奇岩里;,台北市石牌長青會,臺北市北投區長安里中央北路1段12號3樓及4樓,王韻嵐,02-28913812,,25.1328975,121.475307
147,臺北市,北投區,豐年里;,臺北市北投區豐年里辦公處,臺北市北投區豐年里中央北路2段95巷1弄1號1樓,周江雪珠,0928-030047,,25.1364918,121.4953081
148,臺北市,北投區,秀山里;智仁里;稻香里;中和里;,臺北市北投區秀山社區發展協會,臺北市北投區秀山里中和街502巷2弄11號1樓(里民活動場所),鄭文玲、郭芳礎,02-28941666 / 0933-856288,,25.1456211,121.4948349
149,臺北市,北投區,振華里;裕民里;福興里;永明里;榮華里;石牌里;,臺北市北投區振華社區發展協會,臺北市北投區振華里裕民ㄧ路40巷37號1樓,周雨芬,02-28236110,096/08/13,25.1159149,121.5191579
150,臺北市,北投區,泉源里;,台北市北投區泉源社區發展協會,臺北市北投區泉源里東昇路45-5號、東昇路80號旁活動據點,陳志成,0920-883960,,25.1489922,121.5239533
151,臺北市,北投區,建民里;,台北市北投青溪協會(建民里),臺北市北投區建民里文林北路80巷38弄2號1樓,王韻嵐,0982-642689,,25.1057028,121.518841
152,臺北市,北投區,裕民里;榮華里;建民里;振華里;榮光里;文林里;,社團法人台灣愛喜樂關懷協會,臺北市北投區裕民里明德路161號1樓,林詠萱,02-28224466,,25.1115653,121.5209719
153,臺北市,北投區,榮光里;文林里;吉利里;石牌里;裕民里;振華里;,臺北市北投區榮光社區發展協會,臺北市北投區榮光里石牌路1段166巷43弄15號,蘇寶鈴,02-28231593,094/10/18,25.1133685,121.510814
154,臺北市,北投區,智仁里;,臺北市北投區智仁里辦公處,臺北市北投區智仁里杏林二路74巷3號,潘奕呈,0928-965393,,25.142925,121.495911
155,臺北市,北投區,桃源里;,臺北市北投區桃源里辦公處,臺北市北投區桃源里中央北路3段40巷7號,劉肇堂,0928-965521,,25.1386786,121.4858238
156,臺北市,北投區,榮華里;裕民里;振華里;建民里;尊賢里;石牌里;,台北市石牌全人關懷協會,臺北市北投區榮華里明德路281號1樓、明德路283號2樓,高淑君,02-28262602*11  /  0956728508,,25.1150378,121.5221147
157,臺北市,北投區,中央里;,台北市青溪婦女協會,臺北市北投區中央里中央南路1段196巷8號2樓,王韻嵐,0958-176176,,25.132167,121.501419
158,臺北市,北投區,石牌里;文林里;,臺北市北投區新石牌社區發展協會,臺北市北投區石牌里自強街120巷15弄8號,劉育妏,02-28236699,,25.1103163,121.5162782
159,臺北市,北投區,石牌里;,臺北市北投區我愛石牌社區發展協會,臺北市北投區石牌里建民路116巷13號,洪美惠,02-28201369,,25.109843,121.517891
160,臺北市,北投區,大同里;,臺北市北投區大同里辦公處,臺北市北投區大同里大同街135號,傅俊維,0928-965371,,25.135,121.498575
161,臺北市,北投區,大同里;,臺北市北投區新大同社區發展協會,臺北市北投區大同里育仁路57號,黃澤雙,0922-495528,,25.1336597,121.4980855
162,臺北市,北投區,林泉里;,財團法人台北市北投文化基金會,臺北市北投區林泉里中山路5-12號(據點設於北投社區大學內，同為新民國中後門地址),張鈺微 / 李佳蓉,02-28917453,,25.1377417,121.5090043
163,臺北市,北投區,尊賢里;,臺北市北投區尊賢社區發展協會,臺北市北投區尊賢里尊賢街302巷19號1樓,張勻通,0927-955059,,25.1181539,121.507691
164,臺北市,北投區,吉利里;,臺北市北投區吉利里辦公處,臺北市北投區吉利里石牌路1段39巷100號1樓及5樓(臺北市北投運動中心),林泓逸,0928-965310,,25.1165006,121.5098316
165,臺北市,北投區,永明里;,台北市石牌長青會(永明里),臺北市北投區永明里義理街65號1樓,王韻嵐,0958-176176,,25.1174104,121.5156847
166,臺北市,北投區,稻香里;,社團法人台灣守護有祢生命關懷協會(守護復興崗小站),臺北市北投區奇岩里公館路376巷2弄9號1樓,張旂,0983-108777,,25.1233589,121.5040005
167,臺北市,北投區,建民里;,臺北市北投區建民里辦公處,臺北市北投區建民里文林北路36號,簡妤年,0906-905025,,25.1047321,121.5188032
168,臺北市,北投區,豐年里;,台灣運動健康科學學會,臺北市北投區豐年里大業路527巷33號2樓,王韻嵐,02-28913812,,25.137377,121.4911964
169,臺北市,北投區,開明里;,臺北市北投區開明社區發展協會,臺北市北投區開明里永興路2段8號,常保清,0914-110585,,24.9359566,121.5436511
170,臺北市,北投區,文化里;,臺北市北投區文化里辦公處,臺北市北投區文化里文化三路48號1樓,盧潔明,0928-965501,,25.1385248,121.4980671
171,臺北市,北投區,湖山里;,臺北市北投區湖山里辦公處,臺北市北投區湖山里湖山路1段48-2號,李秋霞,0932-923070,,25.160297,121.535893
172,臺北市,北投區,大屯里;,臺北市北投區大屯里辦公處,臺北市北投區大屯里復興三路521巷18號,張天恩,0985-325333,,25.1597909,121.4996507
173,臺北市,北投區,立農里;,社團法人台灣守護有祢生命關懷協會(守護八禱小站),臺北市北投區立農里吉利街231號1樓,張旂,0983-108777,,25.1190201,121.509483
174,臺北市,北投區,清江里;,臺北市北投區清江社區發展協會,臺北市北投區清江里清江路201號,龍川蓉,02-28922543,107/11/21,25.1275781,121.5019305
175,臺北市,北投區,中庸里;中心里;開明里;長安里;大同里;文化里;,台北市愛肯關懷協會,臺北市北投區中庸里雙全街19巷4號1樓,胡紀淑真,0928-086802,,25.1385428,121.5012016
176,臺北市,北投區,關渡里;,財團法人基督教拿撒勒人會(關渡據點),臺北市北投區關渡里知行路260巷26號,郭得恩,02-28586757,,25.1208389,121.4683428
177,臺北市,北投區,中庸里;,台北市北投青溪協會,臺北市北投區中庸里珠海路2號,王韻嵐,02-28913812,,25.137583,121.501632
178,臺北市,北投區,洲美里;,社團法人中華健康美好生活協會(洲美),臺北市北投區洲美里福美路207號,林佳蓉,0910-302055,,25.1002936,121.5050509
179,臺北市,北投區,中心里;奇岩里;清江里;泉源里;中庸里;,社團法人中華仁親社區關懷協會(470),臺北市北投區中心里大業路721號一樓,邱美惠,02-28803408#2280、0919-319043,,25.1373166,121.5021377
180,臺北市,北投區,稻香里;,社團法人國際奔享體驗教育發展協會(稻香真光),臺北市北投區稻香里稻香路85號1樓,呂艷蕾,02-28288884,,25.1409522,121.4888625
181,臺北市,北投區,溫泉里;,社團法人台灣多元社會福利協會,臺北市北投區溫泉里溫泉路68-10號,陳妍淳,02-28927001,,25.134963,121.504925
182,臺北市,北投區,建民里;,慈濟天母環保教育站,臺北市北投區建民里文林北路79-1號,慈濟台北分會,02-27760111,104/09/09,25.1057391,121.5167966
183,臺北市,北投區,福興里;榮光里;文林里;石牌里;吉慶里;吉利里;,臺北市北投區福興社區發展協會,臺北市北投區福興里自強街5巷22號,張國龍,0955-404968,108/03/01,25.1104864,121.5124209
184,臺北市,北投區,泉源里;,臺北市北投區泉源里辦公處,臺北市北投區泉源里東昇路80號旁,侯筌譯,0928-965556,,25.1554824,121.529373
185,臺北市,北投區,文林里;,臺北市北投區文林里辦公處,臺北市北投區文林里致遠一路1段9號,李珮緁,02-28231156,,25.1075163,121.5176127
186,臺北市,北投區,一德里;,台北市石牌長青會(一德里),臺北市北投區一德里中央北路4段581號,王韻嵐,0958-176176,,25.1261197,121.4671091
187,臺北市,北投區,永和里;,臺北市北投區永和社區發展協會,臺北市北投區永和里行義路138-1號1樓,林慧玲,0910-069290,,25.129609,121.528045
188,臺北市,北投區,吉慶里;,臺北市北投區吉慶社區發展協會,臺北市北投區吉慶里致遠二路61巷2-2號,陳綉絹,02-28282002,094/10/18,25.1149658,121.5114263
189,臺北市,北投區,文化里;桃源里;豐年里;大同里;開明里;長安里;,臺北市北投區硫磺谷社區發展協會,臺北市北投區文化里文化三路3號4樓,洪正鈞,0910-412056,,25.1374035,121.4970927
190,臺北市,北投區,吉慶里;,社團法人國際奔享體驗教育發展協會(新白石),臺北市北投區吉慶里實踐街48巷3號1樓,呂艷蕾,02-28288884,,25.1149642,121.5092088
191,臺北市,北投區,八仙里;,臺北市北投區八仙里辦公處,臺北市北投區八仙里北投路1段臨30號、北投路1段臨20號(西安橋南側室外空地),洪炯銘,02-28985252,,25.1229695,121.5014998
192,臺北市,北投區,立賢里;,臺北市北投區立群社區發展協會,臺北市北投區立賢里尊賢街251巷18號1樓 (里民活動場所),許瑛珍,02-28225613,,25.1177274,121.5055735
193,臺北市,北投區,,慈濟石牌建泰環保教育站,臺北市北投區建民里石牌路一段58巷37號,慈濟關渡至業園區,02-28969977,104/09/09,25.1129412,121.5118563
194,臺北市,南港區,,臺北市南港區百福里辦公處,臺北市南港區百福里福德街337號,李雯馨,02-27838377,,25.0394361,121.5884166
195,臺北市,南港區,聯成里;新光里;合成里;仁福里;成福里;萬福里;,台北市後山埤文化發展協會~東新91健康樂活心聚點,臺北市南港區聯成里東新街91號,李翠華,0938327576,107/07/23,25.0467113,121.5891318
196,臺北市,南港區,,財團法人台北市基督教南港浸信會(臨時會堂),臺北市南港區南港里南港路一段293號,吳明慎、張蕎希,0905-200370,,25.0543767,121.6079902
197,臺北市,南港區,仁福里;,臺北市南港區仁福里辦公處,臺北市南港區仁福里福德街443號1樓,吳肇輝,0919619949,107/08/13,25.0396894,121.592693
198,臺北市,南港區,,社團法人台灣多元社會福利協會(瀞德),臺北市南港區西新里成功路1段82巷11號,曾明慧,0918-124780,,25.0528421,121.5926508
199,臺北市,南港區,合成里;成福里;玉成里;,財團法人以琳基督徒中心,臺北市南港區合成里中坡北路92號2樓,林家秀,02-26511002#14,103/05/13,25.047885,121.580579
200,臺北市,南港區,舊莊里;,慈濟南港舊莊環保教育站,臺北市南港區舊莊里舊莊街一段290巷臨18號,慈濟汐止聯絡處,02-226953366,104/09/09,25.0344192,121.624048
201,臺北市,南港區,中研里;舊莊里;九如里;,臺北市南港區好厝邊社區發展協會,臺北市南港區中研里研究院路2段70巷12號2樓（中研區民活動中心）,張惠美,02-27827592 / 0938129401,,25.0453694,121.6145028
202,臺北市,南港區,舊莊里;九如里;中研里;,財團法人台灣基督傳道會復生教會,臺北市南港區舊莊里南深路21巷18號,李淑君,0227822075,,25.0379276,121.6219253
203,臺北市,南港區,新富里;中南里;南港里;三重里;,臺北市南港區新富里辦公處,臺北市南港區新富里富康街25號,許睦燦,02-27828495,,25.053651,121.61738
204,臺北市,南港區,百福里;三重里;成福里;鴻福里;,台北市樂健發展協會,臺北市南港區百福里福德街337號,羅淑真,0939-378239,,25.0394361,121.5884166
205,臺北市,南港區,重陽里;,財團法人台灣省私立健順養護中心(南港老人服務暨日間照顧中心),臺北市南港區重陽里重陽路187巷5號,謝宜庭,02-2653-5311#14,095/04/21,25.0576659,121.5986598
206,臺北市,南港區,仁福里;,臺北市南港區仁福社區發展協會,臺北市南港區仁福里福德街373巷61號1樓,江芃萱,0972910909,,25.039477,121.5921375
207,臺北市,南港區,九如里;,臺北市南港區久如社區發展協會,臺北市南港區九如里研究院路2段208號1樓,蔡弘睿,02-26516600,103/09/10,25.0367075,121.617081
208,臺北市,南港區,成福里;,臺北市南港區成福里辦公處,臺北市南港區成福里東新街80巷9弄11號,王秋娥,0935-602255,,25.0459878,121.5877315
209,臺北市,南港區,中南里;新富里;三重里;中研里;東新里;南港里;,社團法人中華基督教加倍愛全人關懷協會,臺北市南港區中南里忠孝東路7段625巷16號,張其東,0905-818922,,25.0457681,121.5828226
210,臺北市,南港區,中研里;舊莊里;九如里;中南里;新富里;,臺北市南港區中研新村社區發展協會,臺北市南港區中研里研究院路2段70巷47弄4號1樓,林志隆,0986-028209,107/07/23,25.045799,121.613004
211,臺北市,南港區,萬福里;聯成里;成福里;鴻福里;仁福里;,社團法人中華民國我願意全人關懷協會,臺北市南港區萬福里東新街64巷11、13號B1,黃信元,0920131347,107/10/29,25.0470249,121.5854022
212,臺北市,南港區,舊莊里;中研里;鴻福里;重陽里;,臺北市南港舊莊社區發展協會,臺北市南港區舊莊里舊莊街1段91巷11號(通訊地址：臺北市舊莊街一段145巷6弄39號 ),李麗時,0931-518686,,25.0370335,121.6240441
213,臺北市,南港區,中研里;九如里;舊莊里;百福里;中南里;新富里;,社團法人台灣厝邊有愛關懷協會(中研教會),臺北市南港區中研里研究院路2段11巷5號,白惠芳,02-23635546,,25.0466822,121.6158315
214,臺北市,南港區,玉成里;,社團法人台灣厝邊有愛關懷協會(錫安教會),臺北市南港區玉成里臺北市玉成街20號,白惠芳,02-23635546,107/07/23,25.0503564,121.5806486
215,臺北市,南港區,,臺北市南港區西新里辦公處,臺北市南港區西新里成功路1段99號,胡家瑒,02-26518665,,25.0528421,121.5926508
216,臺北市,南港區,鴻福里;,台北市南港區鴻福社區發展協會,臺北市南港區鴻福里成福路92號1樓,洪瑋君,02-27834848,107/10/23,25.0433328,121.5865825
217,臺北市,南港區,中南里;,財團法人弘道老人福利基金會,臺北市南港區中南里市民大道八段588巷18號,詹尚程,02-23221735    /   0979810136,096/10/30,25.0538015,121.6145084
218,臺北市,南港區,玉成里;,臺北市全人探索協會,臺北市南港區玉成里八德路4段768之1號4樓至6樓,徐麗雯,0918054725,,25.0503038,121.5799601
219,臺北市,士林區,名山里;岩山里;忠誠里;聖山里;德行里;芝山里;,台北市士林區幸福名山社區發展協會,臺北市士林區名山里雨聲街68號,劉秀雲,2836-6501;0932353435,107/10/26,25.1036648,121.5288741
220,臺北市,士林區,東山里;,臺北市士林區東山里辦公處,臺北市士林區東山里士東路320巷2號1樓,陳文賢,0986-666969,,25.113504,121.538604
221,臺北市,士林區,福順里;,臺北市士林區福順里辦公處,臺北市士林區福順里延平北路5段136巷24號,林家卉,0958-830-605,,25.0820854,121.5114478
222,臺北市,士林區,,台北海洋學校財團法人台北海洋科技大學,臺北市士林區富洲里延平北路9段212號,尤欽弘,0955-907688,113/06/03,25.1081747,121.471137
223,臺北市,士林區,德行里;,臺北市士林區德行里辦公處,臺北市士林區德行里德行西路30號1樓,張僡美,0939-931-903,,25.1054699,121.5234851
224,臺北市,士林區,天山里;,財團法人天主教遣使會 (天母天主堂),臺北市士林區天山里中山北路7段134號,穆國欽 黃湘雲,2928-6060#10657 #10264             2876-3236,107/07/23,25.1227884,121.5322519
225,臺北市,士林區,天祿里;,社團法人台灣基督教天母豐盛協會,臺北市士林區天祿里中山北路6段726號7樓,徐啟雄,0911-722063,,25.1150441,121.5279091
226,臺北市,士林區,天母里;,財團法人台北市天母基督教會,臺北市士林區天母里天玉街63號,尹冀,02-28714742,107/07/23,25.1220151,121.5307058
227,臺北市,士林區,百齡里;,劍橋有愛全人關懷協會(原基督教劍橋長老教會),臺北市士林區百齡里福港街244巷3號1樓；福港街244巷4號2樓,陳素娟,02-28820977；0918-090527,096/03/15,25.0842964,121.5172144
228,臺北市,士林區,岩山里;名山里;芝山里;聖山里;,財團法人臺北市華夏婦女文教基金會,臺北市士林區岩山里至誠路1段62巷28號,劉康華,0228318025,107/12/24,25.1010597,121.5372188
229,臺北市,士林區,葫東里;葫蘆里;社子里;福順里;富光里;永倫里;,臺北市士林區葫東里辦公處,臺北市士林區葫東里中正路589號1樓,郭淑玲里長,0933-716-265,,25.0866496,121.5107238
230,臺北市,士林區,福德里;,社團法人台北市士林全人關懷協會,臺北市士林區福德里文林路421巷30號2樓&中正路335巷9號,郭美玲,0953-469-293,107/12/24,25.0942205,121.5232305
231,臺北市,士林區,富光里;,臺北市士林區富光里辦公處,臺北市士林區富光里葫蘆街62號,卓俊甫,28160879,,25.08085,121.5087503
232,臺北市,士林區,蘭興里;,財團法人福智慈善基金會,臺北市士林區蘭興里中山北路六段243號1樓,張梧燁,02-2838-2503 #12,,25.1092337,121.5251501
233,臺北市,士林區,福志里;,社團法人中華悅齡長照關懷協會,臺北市士林區福志里福林路377號(感恩堂),葉肖梅,02-22540191,107/11/09,25.1001582,121.5351803
234,臺北市,士林區,忠誠里;蘭雅里;聖山里;德行里;芝山里;名山里;,臺北市士林區忠義社區發展協會,臺北市士林區忠誠里德行東路104巷9弄8號旁里民活動中心,張富淳,28310943,107/11/09,25.1066967,121.5289939
235,臺北市,士林區,天山里;天和里;天玉里;天母里;,財團法人臺北市松年長春社會福利基金會(士林),臺北市士林區天山里中山北路七段122號3樓,蔡恩惠,02-28723425,,25.1224019,121.5321052
236,臺北市,士林區,社新里;,財團法人台灣基督長老教會三角埔教會,臺北市士林區社新里延平北路六段261巷3號,柯主同,0919890720,,25.0888536,121.503941
237,臺北市,士林區,,台灣運動健康科學學會(舊佳里),臺北市士林區舊佳里中山北路5段773之1號,傅思凱,0958-650650,,25.0994518,121.5268385
238,臺北市,士林區,,臺北市士林區福德里辦公處,臺北市士林區福德里福德路81巷14號,盛琳惠,0970-389017,,,
239,臺北市,士林區,前港里;,財團法人新北市基督教新希望教會(百齡長青),臺北市士林區前港里承德路4段190號4樓,徐牧萱,0970-865-525,107/10/26,25.0872006,121.5222819
240,臺北市,士林區,福中里;,社團法人中華仁親社區關懷協會(福中好厝邊),臺北市士林區福中里福港街151號10樓,簡月貞,0936-321032,,25.087166,121.517745
241,臺北市,士林區,,台灣運動健康科學學會(天福里),臺北市士林區天福里天母東路50巷22之7號,傅思凱,0906-717021,,25.1171524,121.5333617
242,臺北市,士林區,,臺北市體適能指導工作人員職業工會(福林里),臺北市士林區福林里中正路187巷26號,高家偉,0985-985586,,25.0947209,121.5273211
243,臺北市,士林區,天母里;三玉里;天山里;天和里;蘭雅里;,財團法人陽明山基督教天母禮拜堂,臺北市士林區天母里中山北路7段216巷1號1樓,莊璧華,2871-1622#25,,25.1258702,121.5330052
244,臺北市,士林區,名山里;,臺北市士林區芝山岩社區發展協會,臺北市士林區名山里1.雨聲街68號(芝山岩區民活動中心)  2. 雨聲街49號1樓,廖春敏,2834-2158  0911328596,094/10/18,25.1036648,121.5288741
245,臺北市,士林區,翠山里;溪山里;臨溪里;,財團法人台北市中華基督教浸信會慈光堂,臺北市士林區翠山里中社路1段43巷1號,辛守仁,0912-007084,100/03/18,25.1087676,121.5613135
246,臺北市,士林區,,臺北市體適能指導工作人員職業工會(福華里),臺北市士林區福華里通河街179巷2號3樓；和豐街36號1樓,高家偉,0985-985586,,25.0826968,121.5179571
247,臺北市,士林區,,臺北市士林區蘭興里辦公處,臺北市士林區蘭興里福華路180號2樓,林文龍,0935-389389,,25.1058409,121.5220789
248,臺北市,士林區,後港里;,財團法人台灣聖公會牧愛堂,臺北市士林區後港里中正路511號,呂念柔,02-28816317,095/04/28,25.0913588,121.5174651
249,臺北市,士林區,三玉里;,台灣健康社區自主發展協會,臺北市士林區三玉里德行東路203巷2號1樓,陳牡丹,02-28369493或0919-206-511,107/07/23,25.1092589,121.5322353
250,臺北市,士林區,承德里;百齡里;福華里;明勝里;,臺北市士林區承德社區發展,臺北市士林區承德里承德路4段58巷56弄1號1樓,陳洲平,2885-9257,,25.082746,121.5207927
251,臺北市,士林區,葫蘆里;,臺北市士林區葫蘆里辦公處,臺北市士林區葫蘆里葫蘆街137號,許振禮,0958-972-685,,25.0838426,121.5086165
252,臺北市,士林區,義信里;,社團法人中華仁親關懷協會,臺北市士林區義信里基河路128號2樓,林明隆,2880-3408#2280,095/04/28,25.0885079,121.5233244
253,臺北市,士林區,富光里;葫東里;福順里;社子里;,臺北市士林海光社區發展協會,臺北市士林區富光里延平北路5段99號,杜振雲,0937924766,107/10/26,25.0811639,121.5104324
254,臺北市,士林區,社園里;,臺北市三樂樂齡關懷協會,臺北市士林區社園里社中街226號1樓,葉子芸,0937070078,,25.0913621,121.5081024
255,臺北市,士林區,天玉里;天山里;天母里;天和里;,臺北市天母全人關懷協會,臺北市士林區天玉里台北市中山北路7段81巷7號B2,梁淳蓁,02-2874-6222#114,,25.1217666,121.5303175
256,臺北市,士林區,,臺北市士林區天母里辦公處,臺北市士林區天母里中山北路7段191巷23號,李陳菜蓮,02-28735077,,25.125457,121.531086
257,臺北市,士林區,天山里;,臺北市士林區天和社區發展協會,臺北市士林區天山里中山北路7段154巷6號4樓,李玉鶯,0936-889263,096/10/26,25.1234101,121.5330596
258,臺北市,士林區,福佳里;,臺北市士林區福佳社區發展協會,臺北市士林區福佳里美崙街49巷19 號1樓,蕭文宗,0937531725,094/10/18,25.0907401,121.518201
259,臺北市,士林區,仁勇里;,財團法人基督教台灣信義會(士林歌珊堂),臺北市士林區仁勇里大東路76號1樓,平嬡娟,0939-060673,,25.0903719,121.5258603
260,臺北市,大同區,延平里;,臺北市大同區延平里辦公處,臺北市大同區延平里甘州街12號,郭逸斌,0928-823380,,25.0585254,121.5127933
261,臺北市,大同區,保安里;,社團法人中華無齡酷活協會,臺北市大同區保安里重慶北路3段313巷25號2樓,蔡玉美,0914-000083,,25.0742327,121.5149002
262,臺北市,大同區,建泰里;建功里;雙連里;建明里;,財團法人台北市建成基督長老教會,臺北市大同區建泰里承德路1段77巷29號,郭嫈瑛,02-25580685,107/08/15,25.0521949,121.5202958
263,臺北市,大同區,重慶里;,臺北市大同區慶安社區發展協會,臺北市大同區重慶里敦煌路90-92號1樓,林伸龍,02-25965927,094/10/18,25.075818,121.517115
264,臺北市,大同區,隆和里;,社團法人中華視障安養福利協會,臺北市大同區隆和里伊寧街37號1樓,黃籃瑩,02-25952872,107/08/16,25.0647371,121.5122298
265,臺北市,大同區,玉泉里;,臺北市大同區玉泉里辦公處,臺北市大同區玉泉里南京西路434巷5之1號,鄭錦泰,0926-150460,,25.0529645,121.5089968
266,臺北市,大同區,至聖里;,臺北市大同信望愛關懷協會(門諾),臺北市大同區至聖里重慶北路3段223巷43、45、47號,林以夫,0917-899289,,25.0705638,121.5155384
267,臺北市,大同區,永樂里;,社團法人台北市歐伊寇斯OIKOS社區關懷協會,臺北市大同區永樂里延平北路2段60巷2號,包珊熒,02-23414322,107/11/20,25.055393,121.5115213
268,臺北市,大同區,朝陽里;星明里;永樂里;,台北市朝陽服飾材料街區發展協會,臺北市大同區朝陽里重慶北路2段46巷6號,呂國維,02-25523101,107/08/15,25.0552017,121.5138158
269,臺北市,大同區,蓬萊里;揚雅里;至聖里;國順里;,中華萌愛關懷協會,臺北市大同區蓬萊里承德路3段60號B1,盧瑩僡,02-25931138,107/11/20,25.0653101,121.5180203
270,臺北市,大同區,永樂里;,永樂里辦公處,臺北市大同區永樂里南京西路239巷31號,林宗穎,0930-087087,,25.053761,121.509232
271,臺北市,大同區,至聖里;揚雅里;斯文里;國慶里;鄰江里;保安里;,臺北市政府社會局委託天主教耕莘醫療財團法人永和耕莘醫院經營管理臺北市大龍老人住宅,臺北市大同區至聖里民族西路105號4樓及4樓之1,羅啟軒,02-66178186,107/11/20,25.0687846,121.5170522
272,臺北市,大同區,景星里;,景星里辦公處,臺北市大同區景星里伊寧街75巷4號1樓；迪化街1段374號2樓,吳若屏,0981-962269,111/08/30,25.0648933,121.510308
273,臺北市,大同區,民權里;,柴寮仔社區發展協會,臺北市大同區民權里民權西路172號1樓,李芃慧,0932-844756,107/08/15,25.062729,121.5150317
274,臺北市,大同區,國慶里;,臺北市大同區國慶里辦公處,臺北市大同區國慶里民族西路260號1樓,高大陸,0930-858876,,25.0684869,121.5121187
275,臺北市,大同區,隆和里;,臺北市大同區隆和里辦公處,臺北市大同區隆和里景化街46號,沈春華,0922-799261,,25.0650578,121.5125801
276,臺北市,大同區,,財團法人臺北市松年長春社會福利基金會(大同),臺北市大同區光能里承德路二段33-1號1樓,陳玟君,0975-508008,,25.0545556,121.5183804
277,臺北市,大同區,國慶里;,臺北市大同區國慶社區發展協會,臺北市大同區國慶里重慶北路3段136巷18號,黃淑琪,02-25940089,,25.067642,121.5129185
278,臺北市,大同區,建功里;,台北市大同區圓環社區發展協會,臺北市大同區建功里重慶北路1段83巷37號,邱麗秋,02-25564651,107/08/15,25.0495802,121.5136357
279,臺北市,大同區,景星里;,財團法人臺北市松年長春社會福利基金會-大橋教會,臺北市大同區景星里迪化街2段65、67號,黃品熹,02-25974784,107/07/23,25.064832,121.5094468
280,臺北市,大同區,朝陽里;,臺北市大同區真善美社區發展協會,臺北市大同區朝陽里天水路51巷4號及4-1號2樓,許家薰,0939-613118,111/04/21,25.0528382,121.5126772
281,臺北市,大同區,星明里;,臺北市大同區星明社區發展協會,臺北市大同區星明里太原路161巷4號,劉福永,0938-631165,,25.0553249,121.5175357
282,臺北市,大同區,,慈濟大同環保站,臺北市大同區星明里延平北路四段237號,慈濟台北分會,02-27760111,104/09/09,25.07612,121.512106
283,臺北市,大同區,大有里;,台北市大同區大有里辦公處,臺北市大同區大有里民樂街115號1樓,許美智,0931-903250,,25.057481,121.510681
284,臺北市,大安區,永康里;,臺北市大安區永康里辦公處,臺北市大安區永康里金華街199巷3弄6號1樓,謝欣晏,0931-234954,,25.030536,121.528429
285,臺北市,大安區,芳和里;,社團法人中華生命關愛協會,臺北市大安區芳和里和平東路3段212巷12號,周音華,0922-407837,,25.026482,121.533964
286,臺北市,大安區,民炤里;,臺北市大安區民炤里辦公處,臺北市大安區民炤里信義路3段31巷5號1樓,林香睿,02-27008406,,25.0341448,121.5346193
287,臺北市,大安區,誠安里;,臺北市大安區安東社區發展協會,臺北市大安區誠安里安東街31之1號、臺北市忠孝東路3段251巷12弄14號1樓,李有福,02-27715532,107/08/15,25.0441944,121.5426616
288,臺北市,大安區,仁愛里;,社團法人台灣喜樂家族協會(大安),臺北市大安區仁愛里忠孝東路4段126-19號7樓,蕭永信,0955-004491,,25.0414432,121.5441092
289,臺北市,大安區,福住里;,臺北市大安區福住里辦公處,臺北市大安區福住里台北市大安區福住里永康街47巷10之1號1樓,李欣芠,02-23222581,110/08/06,25.0300454,121.5301374
290,臺北市,大安區,,臺北市大安區群賢里辦公處,臺北市大安區群賢里和平東路2段311巷43弄36號,翁鴻源,02-27003623,,25.026419,121.533962
291,臺北市,大安區,,臺北市大安區義村里辦公處,臺北市大安區義村里忠孝東路3段248巷7弄4號1樓,潘明勳,0910380479,,25.0416091,121.5412737
292,臺北市,大安區,仁慈里;,臺北市大安區仁慈里辦公處,臺北市大安區仁慈里復興南路1段295巷18號1樓,陳麒中,02-27061268,,25.0367328,121.5433687
293,臺北市,大安區,新龍里;,臺北市大安區新龍里辦公處,臺北市大安區新龍里信義路3段134巷82號2樓,皮昆宗,02-27067771,,25.0294137,121.5392804
294,臺北市,大安區,法治里;,臺北市大安區法治里辦公處,臺北市大安區法治里臺北市通化街192號,林佩燕,0980403536,,25.0261602,121.5529248
295,臺北市,大安區,龍陣里;新龍里;龍生里;龍圖里;龍淵里;龍雲里;,台北市永健長青促進協會,臺北市大安區龍陣里瑞安街71巷5弄1號1F,沈皜,0932-384519,096/09/06,25.0282259,121.5414779
296,臺北市,大安區,古莊里;古風里;龍泉里;,臺北市大安區古莊社區發展協會,臺北市大安區古莊里6鄰羅斯福路2段81巷16弄1-2號2樓,陳香女,02-23696262,107/10/18,25.0255496,121.5245957
297,臺北市,大安區,仁慈里;,財團法人成長文教基金會,臺北市大安區仁慈里東豐街1號2樓,陳卿雅,02-27000657,,25.0361475,121.5438732
298,臺北市,大安區,錦華里;,臺北市大安區錦華里辦公處,臺北市大安區錦華里羅斯福路2段35巷19弄6號1樓,溫美珠,0937066733,,25.0281794,121.5229273
299,臺北市,大安區,大學里;,中華民國全愛全人關懷協會(台北),臺北市大安區大學里新生南路3段86號4、8、9樓(真理堂),謝昆霖,0911183802,104/11/12,25.0185872,121.5334366
300,臺北市,大安區,錦泰里;,臺北市大安區錦泰里辦公處,臺北市大安區錦泰里杭州南路2段61巷6號1號,范燕淇,02-23918123,,25.0301871,121.5226401
301,臺北市,大安區,住安里;,臺北市大安區住安社區發展協會,臺北市大安區住安里信義路4段30巷27弄24號,鄭可鈺,02-27550387,107/07/23,25.0321507,121.545737
302,臺北市,大安區,錦安里;,臺北市大安區錦町社區發展協會,臺北市大安區錦安里臺北市潮州街130巷3號1樓,龔志慧,02-23515967,107/10/18,25.0285555,121.527565
303,臺北市,大安區,,臺北市大安區臨江里辦公處,臺北市大安區臨江里通化街143巷33號1樓,劉勇雄,0932-029070,,25.0284918,121.5560025
304,臺北市,大安區,通化里;,臺北市大安區通化里辦公處,臺北市大安區通化里通化街19巷19號,紀雅珍,0988-179832,107/08/15,25.0317654,121.5552833
305,臺北市,大安區,,臺北市大安區光信里辦公處,臺北市大安區光信里延吉街236巷17號2樓,楊珮菱,02-27032357,,25.0364046,121.5551056
306,臺北市,大安區,錦安里;,國立臺灣師範大學學務處全人教育中心,臺北市大安區錦安里大安區錦安里和平東路一段129號,賴柏如,02-77495619,107/07/19,25.0274561,121.5285368
307,臺北市,大安區,龍生里;,臺北市大安區龍生里辦公處,臺北市大安區龍生里和平東路2段107巷9號,沈鳳雲,02-23511711#8216,,25.026419,121.533962
308,臺北市,大安區,義安里;,臺北市大安區新義安社區發展協會,臺北市大安區義安里敦化南路2段11巷38弄9號1樓,彭麗美,02-27079691,113/07/01,25.0320902,121.550968
309,臺北市,大安區,,台北市大安區古莊里辦公處,臺北市大安區古莊里浦城街16巷2號/羅斯福路2段81巷16弄1之2號2樓,吳宗雄,0937-834863,,25.02362,121.5266297
310,臺北市,大安區,,臺北市大安區民輝里辦公處,臺北市大安區民輝里濟南路3段9號3樓,陳威禎,0937-921537,,25.0403155,121.5337239
311,臺北市,大安區,,慈濟大安臥龍環保教育站,臺北市大安區和安里臥龍街206號,慈濟台北分會,02-27760111,104/09/09,25.017826,121.551548
312,臺北市,大安區,龍陣里;,臺北市長立健康樂活協會,臺北市大安區龍陣里瑞安街75號3樓(瑞安區民活動中心),王珮琪,02-27014636,107/08/15,25.0280185,121.5411633
313,臺北市,大安區,通安里;,臺北市大安區通安里辦公處,臺北市大安區通安里通安街98號 (臺北市通安區民活動中心),鄭文明,0937-084028,,25.0297353,121.5529809
314,臺北市,大安區,龍安里;大學里;龍坡里;龍泉里;,社團法人台灣厝邊有愛關懷協會(台北和平),臺北市大安區龍安里臺北市和平東路1段183巷9號,白惠芳,02-23636356,107/10/26,25.0265933,121.5322277
315,臺北市,大安區,大學里;,社團法人中華民國全愛全人關懷協會(台電據點),臺北市大安區大學里羅斯福路3段275號3樓,謝昆霖,0911183802,107/08/15,25.0183858,121.5309527
316,臺北市,大安區,和安里;,社團法人天主教中華基督神修小會之友人文關懷與服務促進協會(大安),臺北市大安區和安里信義路3段147巷15弄23號1樓,戎巧復,02-25230538,,25.0351704,121.5427674
317,臺北市,大安區,,臺北市大安區車層里辦公處,臺北市大安區車層里忠孝東路4段218之3號5樓,李易儒,0906-238287,,25.041223,121.54727
318,臺北市,大安區,光信里;敦煌里;通化里;,財團法人福智慈善基金會(安和),臺北市大安區光信里信義路4段265巷21弄3號1樓,顏敏慧,02-27015861,,25.0344478,121.5546889
319,臺北市,大安區,光明里;,臺北市大安區光明里辦公處,臺北市大安區光明里信義路2段86巷26號,陳靜雯,0928-924384,,25.0337801,121.5258274
320,臺北市,大安區,龍雲里;,臺北市大安區臺北龍雲社區發展協會,臺北市大安區龍雲里大安路2段160巷24號,林坤昇,02-27547302,096/08/20,25.0287301,121.5452754
321,臺北市,大安區,,臺北市大安區仁愛里辦公處,臺北市大安區仁愛里復興南路1段191-1號,林宜蓁,0920-728688,,25.0401074,121.5440007
322,臺北市,大安區,德安里;,社團法人台灣德安社會福利協會(大安老人服務暨日間照顧中心),臺北市大安區德安里四維路76巷12號,林莛恩,02-27086255,,25.0342045,121.5473046
323,臺北市,大安區,,臺北市大安區臥龍里辦公處,臺北市大安區臥龍里臺北市大安區臥龍里復興南路2段355號1樓,邱奕承,0908-415053,,25.0231045,121.5435586
324,臺北市,大安區,,臺北市大安區大學里辦公處,臺北市大安區大學里溫州街74巷2弄4號1樓,吳沛璇,02-2362674,,25.0199543,121.5327674
325,臺北市,大安區,,臺北市大安區全安里辦公處,臺北市大安區全安里和平東路3段119巷25號1樓,連馬世驍,0921-997993,,25.02644,121.5332197
326,臺北市,大安區,,臺北市大安區敦煌里辦公處,臺北市大安區敦煌里信義路4段265巷21弄22號1樓,傅吉田,0932-396218,,25.0337041,121.5557001
327,臺北市,大安區,群賢里;,財團法人台灣基督長老教會大安教會,臺北市大安區群賢里和平東路3段1巷51號,許瑜芳,02-27064477,107/08/15,25.026482,121.533964
328,臺北市,大安區,群英里;,臺北市大安區群英里社區照顧關懷據點,臺北市大安區群英里四維路198巷30弄9號1樓,陰金鳳,02-27549339,094/12/14,25.026519,121.5458646
329,臺北市,大安區,龍坡里;,中華民國紅十字會台灣省分會(新生),臺北市大安區龍坡里新生南路3段20號4樓,黃怡瑄,02-23630098,,25.0242923,121.534441
330,臺北市,大安區,古風里;,台北市大安區古風社區發展協會,臺北市大安區古風里師大路117巷1號,黃芳惠,0983293018,107/07/23,25.022257,121.5286527
331,臺北市,大安區,,台北市大安區龍陣里辦公處,臺北市大安區龍陣里瑞安街75號3樓(瑞安區民活動中心),王佩琪,2701-4636,,25.0280185,121.5411633
332,臺北市,大安區,古莊里;,揚生慈善基金會-台北館,臺北市大安區古莊里師大路86巷16號,聶湘秀,02-23682323,,25.0229746,121.5270099
333,臺北市,大安區,新龍里;,臺北市大安區大安新龍社區發展協會,"臺北市大安區新龍里臺北市信義路3段134巷98號1樓,臺北市信義路3段134巷82號2樓",皮昆宗,02-27067771,,25.0290764,121.5389947
334,臺北市,大安區,,臺北市大安區誠安里辦公處,臺北市大安區誠安里安東街28號1樓/安東街31-1號1樓,李有福,0932-154320,,25.0442309,121.542667
335,臺北市,大安區,,臺北市大安區龍坡里辦公處,臺北市大安區龍坡里辛亥路1段臨141號,黃世詮,0933-155369,,25.00046,121.5545729
336,臺北市,大安區,建倫里;,財團法人台北市城東基督長老教會,臺北市大安區建倫里安和路1段43號2樓及45號1樓(城東教會),葉榮生,0930351665,107/08/15,25.038636,121.551054
337,臺北市,大安區,學府里;,臺北市大安區學府社區發展協會,臺北市大安區學府里羅斯福路4段119巷68弄15號,梁玉玫,0953-222343,,25.0093874,121.5397433
338,臺北市,大安區,,臺北市大安區龍圖里辦公處,臺北市大安區龍圖里瑞安街176號,蕭萬居,02-27087985,,25.0288116,121.5413045
339,臺北市,大安區,民炤里;和安里;民輝里;,臺北市大安區新民炤社區發展協會,臺北市大安區民炤里臺北市建國南路1段286巷35號1樓、建國南路1段286巷48號1樓(協會住址),簡靜嵐,0961-351658,107/10/05,25.0228567,121.5372832
340,臺北市,大安區,龍門里;大學里;新龍里;龍生里;龍淵里;龍坡里;,社團法人台灣愛鄰社區服務協會,臺北市大安區龍門里和平東路2段24號愛鄰樓1F、愛鄰樓3F,蔡文惠,02-66303022#8713,096/03/15,25.0264703,121.5335436
341,臺北市,大安區,法治里;,台北市通化玫瑰社會關懷協會,臺北市大安區法治里通化街178號,陳小蓮,0939-646978,,25.0275589,121.5532941
342,臺北市,大安區,黎元里;黎孝里;黎和里;芳和里;,社團法人台灣厝邊有愛關懷協會(六張犁),臺北市大安區黎元里臺北市臥龍街215號,白惠芳,02-23636356,107/10/26,25.0185119,121.5535662
343,臺北市,大安區,龍坡里;古風里;,臺北市大安區古風里辦公處,臺北市大安區古風里辛亥路1段141號1樓,孔憲娟,02-33651622,,25.00046,121.5545729
344,臺北市,文山區,,臺北市文山區萬美里辦公處,臺北市文山區萬美里萬美街2段2巷6號及萬美街1段51號3樓,鄧瑞興,0939-139033,,25.00309,121.5622107
345,臺北市,文山區,景美里;,財團法人佳醫健康基金會,臺北市文山區景美里台北市文山區羅斯福路六段336號(滬江高中信義樓101教室),張綺鈺,0984-367171,,24.9894519,121.5389166
346,臺北市,文山區,興邦里;興業里;興旺里;,台北市文山區德芳社區發展協會,臺北市文山區興邦里興隆路2段153巷6弄5號1樓；興隆路2段97號四樓,許春綢,0952-572176,,25.0012313,121.5480853
347,臺北市,文山區,萬有里;,社團法人臺北市文山區三福社區發展協會,臺北市文山區萬有里興隆路1段238之1號1樓,湯坤錚,0988-622378,,24.999017,121.5453128
348,臺北市,文山區,華興里;,臺北市文山區華興里辦公處,臺北市文山區華興里木柵路1段264號,陳峙穎,0905-991580,,24.9901592,121.5519858
349,臺北市,文山區,樟文里;樟林里;樟新里;順興里;明興里;樟腳里;,台北市文山區樟林社區發展協會,臺北市文山區樟文里木新路3段310巷4號2樓之1,邱秀玲,02-29369071,,24.9815419,121.5575135
350,臺北市,文山區,景華里;景行里;景美里;,財團法人臺北市松年長春社會福利基金會(景華),臺北市文山區景華里景華街49巷1號,蔡欣恬,25000261,107/07/30,24.9952774,121.5427611
351,臺北市,文山區,景慶里;景仁里;景美里;,台北市文山區景慶社區發展協會,臺北市文山區景慶里景福街126號， 羅斯福路6段393號6.8樓,羅源發,0922-313747,095/05/24,24.9958088,121.5359126
352,臺北市,文山區,,臺北市文山區指南里辦公處,臺北市文山區指南里指南路3段33巷34號1樓,張佳南,0911-841871,,24.9844118,121.5805488
353,臺北市,文山區,,臺北市文山區景東里辦公處,臺北市文山區景東里景興路153巷1號1樓,高鳳謙,0932-308802,,24.9937915,121.5449911
354,臺北市,文山區,興業里;,台北市向榮社福協進會,臺北市文山區興業里興隆路2段160號10樓,顏錫銘,0931-041002,,25.0015727,121.5514273
355,臺北市,文山區,萬芳里;明興里;博嘉里;萬美里;,社團法人台北市基督教萬芳浸信會,臺北市文山區萬芳里萬美街一段19巷五號一樓,連虔誠,0222303518,107/10/22,25.00226,121.568193
356,臺北市,文山區,忠順里;順興里;樟林里;樟新里;明義里;樟文里;,臺北市文山區忠順社區發展協會,臺北市文山區忠順里興隆路4段145巷30號,賴秀麗,02-29399569,103/01/01,24.985098,121.5629575
357,臺北市,文山區,景慶里;景美里;景仁里;景行里;萬隆里;景華里;,台北市梘尾關懷互助協會,臺北市文山區景慶里萬慶街6號，羅斯福路6段393號6樓                    ,鄧愛珠,8935-1788,107/10/22,24.9922808,121.540284
358,臺北市,文山區,,臺北市文山區興得里辦公處,臺北市文山區興得里興隆路3段222號,曾瑞城,0920-664489,,24.9970954,121.5592325
359,臺北市,文山區,,慈濟木柵環保教育站,臺北市文山區景行里木柵路5段100號-1,慈濟台北東區聯落處,02-27662209,104/09/09,24.9911815,121.5419957
360,臺北市,文山區,樟新里;樟文里;樟腳里;樟樹里;,臺北市文山區樟新社區發展協會,臺北市文山區樟新里一壽街22號9樓教室二、教室一、大廳,范世川,0972246031,107/08/20,24.9796917,121.5564657
361,臺北市,文山區,萬隆里;,臺北市文山區萬龍社區發展協會,臺北市文山區萬隆里萬隆街25號1樓,謝富美,02-29325047,,25.0002317,121.5380435
362,臺北市,文山區,明義里;,中華民國紅心字會(興隆老人社會關懷照顧據點),臺北市文山區明義里興隆路4段105巷47號,高瑋鴻,02-29367119,,24.9881877,121.5629351
363,臺北市,文山區,萬興里;,台灣美滿家庭社區服務協會,臺北市文山區萬興里指南路2段11號,戴永康,0963-328599,107/10/22,24.9884429,121.5734331
364,臺北市,文山區,明興里;木柵里;,社團法人台北市文山區明興社區發展協會,臺北市文山區明興里木柵路2段109巷25弄6號;興隆路4段61號；秀明路1段19巷1號,鄢健民,2234-0391,096/08/20,24.990145,121.562851
365,臺北市,文山區,景華里;,台灣迦美福音傳播協會,臺北市文山區景華里三福街74巷2號1樓,彭大鈿,0939910698,107/08/20,24.9976063,121.5443476
366,臺北市,文山區,,臺北市文山區興邦里辦公處,臺北市文山區興邦里興隆路2段203巷2弄10號1樓,張朝雄,0975-586972,,25.0013345,121.5498781
367,臺北市,文山區,景仁里;,台北市文山區景人社區發展協會,臺北市文山區景仁里景福街5號1樓,黃淑卿,0937939606,107/10/22,24.9993672,121.5392681
368,臺北市,文山區,萬和里;萬隆里;萬祥里;萬年里;萬盛里;萬有里;,臺北市文山區萬和社區發展協會,臺北市文山區萬和里汀州路4段251、253號1樓,吳祚榮,02-29310147,102/04/01,25.0019051,121.5361621
369,臺北市,文山區,興家里;興得里;興旺里;興光里;,財團法人基督教台灣信義會(家家歌珊堂),臺北市文山區興家里興隆路3段207巷6弄8號,陳碧霞,02-22308169,095/04/28,24.9947931,121.5600352
370,臺北市,文山區,興業里;,社團法人中華民國沐光家園癌友關懷協會,臺北市文山區興業里興隆路2段220巷51-1號,宋碧霞,0922-323338,,24.9996658,121.5520065
371,臺北市,文山區,,社團法人中華恆動能健康促進協會(興安),臺北市文山區興安里興隆路2段88之2號1樓,楊曜榕,0912-868531,,24.9998821,121.548717
372,臺北市,文山區,興旺里;,臺北市文山區興旺社區發展協會,臺北市文山區興旺里福興路27號,廖榮輝,0936-048808,,25.0028099,121.5511204
373,臺北市,文山區,木新里;木柵里;萬芳里;,財團法人臺北市松年長春社會福利基金會(開元),"臺北市文山區木新里開元街25,27號",蔡欣恬,02-2500-0206,,24.9891607,121.5697605
374,臺北市,文山區,,臺北市文山區興業里辦公處,臺北市文山區興業里興隆路2段160號10樓,凌錦成,02-86635005,,25.0015727,121.5514273
375,臺北市,文山區,政大里;,臺北市文山區政大里辦公處,臺北市文山區政大里萬壽路63-2號,陳碧珠,0975-586970,,24.9862123,121.5875271
376,臺北市,文山區,,臺北市文山區興昌里辦公處,臺北市文山區興昌里辛亥路4段101巷85之8號1樓,吳融昊,02-29311528,,25.0065859,121.5593598
377,臺北市,文山區,,臺北市文山區萬盛里辦公處,臺北市文山區萬盛里興隆路1段15號3樓,徐福進,02-29340771,,25.0041559,121.5391666
378,臺北市,文山區,,慈濟文山興德環保教育站,臺北市文山區景行里興德路68-5號,慈濟台北分會,02-27760111,104/09/09,25.0049096,121.5586789
379,臺北市,文山區,,財團法人新北市私立天道總會社會福利慈善事業基金會,臺北市文山區景行里景中街30巷12號4樓之7,張秀玲,0958-958918,,24.9921961,121.5422633
380,臺北市,文山區,萬興里;,臺北市文山區老人服務中心(財團法人恆安社會福利慈善事業基金會),臺北市文山區萬興里萬壽路27號6樓,鄭亦庭,02-22344893#106,098/08/27,24.988685,121.576501
381,臺北市,文山區,萬年里;,臺北市文山區萬年社區發展協會,臺北市文山區萬年里羅斯福路5段150巷35號1樓,邱秋芳,02-86637176,,25.0063887,121.538108
382,臺北市,文山區,順興里;,臺北市文山區順興里辦公處,臺北市文山區順興里興隆路4段165巷50號1樓及保儀路138巷26-28號(司法新村)、木柵忠順廟,李玉賢,0972-246029,,24.9842783,121.5640793
383,臺北市,文山區,,臺北市文山區興福里辦公處,臺北市文山區興福里景華街121巷7弄1號,鄒凱翔,02-29322888,,24.996212,121.5467867
384,臺北市,文山區,順興里;試院里;明義里;忠順里;樟林里;樟腳里;,台北市文山區順興社區發展協會,"臺北市文山區順興里興隆路4段165巷12號1、2樓 ，忠順街2段22號2樓,木新路2段156-1號",張曉蓓,2939-5932,103/09/10,24.9840629,121.5626204
385,臺北市,文山區,木新里;忠順里;萬芳里;指南里;萬興里;,財團法人利伯他茲教育基金會,臺北市文山區木新里永安街1號,劉崇韋,02-29394359,095/04/28,24.9874482,121.5702677
386,臺北市,松山區,慈祐里;新聚里;安平里;,財團法人臺北市松年長春社會福利基金會,臺北市松山區慈祐里饒河街105號1樓、2樓、3樓,周紹鈺,0983-180401,,25.0506047,121.573946
387,臺北市,松山區,復勢里;,財團法人伊甸社會福利基金會,臺北市松山區復勢里八德路3段155巷4弄35號1樓,陳筱鳳,02-25702560#22,,25.0489529,121.5557307
388,臺北市,松山區,東榮里;,臺北市松山區松榮社區發展協會,臺北市松山區東榮里民生東路5段69巷3號1樓,林珍年,0928-107976,,25.0596389,121.558347
389,臺北市,松山區,民福里;,財團法人弘道老人福利基金會(松山) ,臺北市松山區民福里復興北路451號1樓,王姿文,02-66131314,,25.0639844,121.544483
390,臺北市,松山區,東勢里;龍田里;復勢里;,台北市光鹽關懷發展協會,臺北市松山區東勢里南京東路4段107號12樓,林嘉慧,27123242,107/08/20,25.0518739,121.5546651
391,臺北市,松山區,福成里;敦化里;中正里;中崙里;復源里;復勢里;,財團法人臺安基金會(基督復臨安息日會松山教會),臺北市松山區福成里敦化南路1段78號,陳宇珍,02-27716823,,25.047036,121.547877
392,臺北市,松山區,中華里;龍田里;東勢里;,社團法人台灣頌恩活力協會,臺北市松山區中華里敦化北路145巷30號,郭淑如,02-87122215,,25.0539137,121.5520339
393,臺北市,松山區,龍田里;龍田里;,臺北市松山區龍田里辦公處,臺北市松山區龍田里光復北路230巷21號B1,杜璦君,0988-179571,,25.0560788,121.5544669
394,臺北市,松山區,東榮里;精忠里;介壽里;三民里;東昌里;,財團法人台北市二村基石關懷協會,臺北市松山區東榮里民生東路5段69巷2弄10、12號,黃朝窗,02-27632002,103/09/10,25.0597046,121.5584521
395,臺北市,松山區,自強里;,社團法人台北市長期照護發展協會,臺北市松山區自強里三民路35巷9號1樓,陳佳綾,0918-015617,104/05/02,25.0551954,121.5624655
396,臺北市,松山區,安平里;鵬程里;自強里;東光里;,財團法人中華基督教衛理公會恩友堂,臺北市松山區安平里寶清街123號,余文娟,02-27670760,,25.0541612,121.5675772
397,臺北市,松山區,安平里;,臺北市松山區安平社區發展協會,臺北市松山區安平里寶清街42號2樓,李心茜,02-87806411,,25.0531716,121.5676076
398,臺北市,松山區,中正里;,台北市777銀髮族協會,臺北市松山區中正里長安東路2段294號4樓之1,賴孟廷,02-27780757,,,
399,臺北市,松山區,復建里;復源里;美仁里;,臺北市松山區建源社區發展協會,臺北市松山區復建里八德路3段158巷7弄20號(復建區民活動中心)       八德路3段158巷7,王雪玉,02-25791689,094/10/18,25.0473377,121.5560781
400,臺北市,松山區,慈祐里;,臺北市松山區慈祐里辦公處,臺北市松山區慈祐里八德路4段580號1樓,徐巧慧,0988-587216,,25.0496853,121.5720034
401,臺北市,松山區,莊敬里;新益里;,社團法人愛樂福關懷文創發展協會,臺北市松山區莊敬里撫遠街367巷4號1樓,潘鴻恩,02-29625951,,25.0638126,121.5661322
402,臺北市,松山區,吉祥里;,財團法人中華民國佛教慈濟慈善事業基金會,臺北市松山區吉祥里008鄰南京東路5段188號16樓,陳惠仙,02-82281628#14,,25.0518277,121.5574266
403,臺北市,松山區,美仁里;,臺北市體適能指導工作人員職業工會,臺北市松山區美仁里敦化北路3號,簡佑庭,0985-985586,,25.0496452,121.5524318
404,臺北市,松山區,自強里;,中國老人教育協會,臺北市松山區自強里三民路35巷9號2樓,賴俐君,02-27565010,107/07/23,25.0551954,121.5624655
405,臺北市,松山區,東光里;龍田里;精忠里;介壽里;新聚里;三民里;,世界潘氏宗親總會,臺北市松山區東光里南京東路5段29之3號3樓,陳淑珍,02-27678497,,25.0518277,121.5574266
406,臺北市,松山區,復勢里;,財團法人台北市私立永年社會福利慈善基金會,臺北市松山區復勢里光復北路80巷1號1樓,李家瑜,02-25786677#2232,,25.0501986,121.5574079
407,臺北市,松山區,富錦里;富泰里;東榮里;介壽里;三民里;新益里;,中華樂活推廣協會,臺北市松山區富錦里三民路136巷3號,潘美珠,0937-073980,,25.0606379,121.563667
408,臺北市,松山區,精忠里;,臺北市松山區精忠里辦公處,臺北市松山區精忠里民生東路4段133號1樓,賴美旭,0935-934403,,25.057634,121.5376951
409,臺北市,松山區,,財團法人台北市基督教美仁浸信會,臺北市松山區復源里八德路3段106巷106號,湯淑媖,(02)25792065,,25.0450315,121.5541707
410,臺北市,松山區,敦化里;,台北市松山區敦化社區發展協會,臺北市松山區敦化里臺北市松山區敦化里八德路3段12巷5弄16號7樓,陳素鳳,0918-060287,,25.0475654,121.551153
411,臺北市,松山區,新聚里;,臺北市松山區新聚里辦公處,臺北市松山區新聚里南京東路5段374號,郭秀鳳,0988-179585,,25.0515465,121.5696021
412,臺北市,松山區,復勢里;,財團法人雙福社會福利慈善事業基金會(蒙恩),臺北市松山區復勢里光復北路112號8樓,吳慧玲,0921-962292,107/07/24,25.0508432,121.5576923
413,臺北市,松山區,中正里;,臺北市松山區中正里辦公處,臺北市松山區中正里長安東路二段229號12樓,洪樸陽,0937-031518,,25.048396,121.5458902
414,臺北市,松山區,,慈濟松山環保教育站,臺北市松山區介壽里塔悠路214號,慈濟松山聯絡處,02-27485692,104/09/09,25.0578412,121.5690265
415,臺北市,松山區,鵬程里;,財團法人台灣省私立健順養護中心(松山老人服務暨日間照顧中心),臺北市松山區鵬程里健康路317號1樓,劉幸茵,02-27685636,104/03/18,25.0544773,121.5663145
416,臺北市,松山區,東勢里;,臺北市松山區東勢里辦公處,臺北市松山區東勢里南京東路4段133巷8弄17號,盛怡瑩,0988-179575,107/10/08,25.0518,121.5553991
417,臺北市,松山區,,社團法人台北市銀髮族協會(吉仁),臺北市松山區吉仁里八德路3段76號3樓之1,李心茜,0958-526511,,25.0478728,121.5527439
418,臺北市,松山區,安平里;新聚里;東光里;吉祥里;鵬程里;,社團法人台北市銀髮族協會(88),臺北市松山區安平里寶清街42號1樓、2樓,李心茜,02-87806411,,25.0531716,121.5676076
419,臺北市,松山區,東勢里;東光里;中華里;美仁里;復勢里;龍田里;,社團法人台北市向日葵慈善協會,臺北市松山區東勢里南京東路4段133巷7弄9號1樓、7號1樓,陳良銘,02-87706501#22,107/10/02,25.0518,121.5553991
420,臺北市,松山區,松基里;,臺北市松山區松基里辦公處,臺北市松山區松基里長春路339巷2號B1,曹延筱,0988-179579,,25.0552103,121.5452241
421,臺北市,松山區,,臺北市松山區復盛里辦公處,臺北市松山區復盛里市民大道5段99-2號、99-4號,吳湘涵,02-87878787#846,,25.0477764,121.5613993
422,臺北市,松山區,新東里;,臺北市松山區新東社區發展協會,臺北市松山區新東里延壽街3號,呂美惠,02-27664552,106/01/01,25.0574332,121.5690107
423,臺北市,萬華區,,臺北市萬華區忠德里辦公處,臺北市萬華區忠德里東園街66巷24弄1號1樓,施育婷,0913303616,,25.0248918,121.4956157
424,臺北市,萬華區,,臺北市萬華區銘德里辦公處,臺北市萬華區銘德里長泰街219號1樓,羅慧雯,02-23052959,,25.0215669,121.4952062
425,臺北市,萬華區,新和里;忠貞里;新安里;,財團法人一粒麥子社會福利慈善事業基金會,臺北市萬華區忠貞里萬大路237巷13弄3號1樓,林廷芳,02-23320669轉9,095/04/21,25.0267176,121.5009717
426,臺北市,萬華區,壽德里;興德里;全德里;忠貞里;日祥里;新安里;,臺北市萬華區萬大社區發展協會,臺北市萬華區壽德里萬大路329巷25號1樓（里民活動場所）；萬大路329巷27弄4號1樓；萬大路41,鄭麟哲,2309-0713,096/03/28,25.0237479,121.5010896
427,臺北市,萬華區,和德里;,財團法人台北市中國基督教靈糧世界佈道會台北靈糧堂(雙園靈糧福音中心),臺北市萬華區和德里西園路2段362及 364號4樓、362號5樓,張麗雲,02-23077700,107/07/24,25.0277204,121.4943937
428,臺北市,萬華區,華江里;糖廍里;綠堤里;和德里;,臺北市萬華區華江社區發展協會,臺北市萬華區華江里長順街臨127號,王梧州,02-23081454,107/10/24,25.0319933,121.4896822
429,臺北市,萬華區,,臺北市萬華區菜園社區發展協會,臺北市萬華區菜園里內江街150號2樓,周世雄,02-23888990,,25.0416733,121.5014942
430,臺北市,萬華區,,臺北市萬華區新安里辦公處,臺北市萬華區新安里萬大路187巷8號1樓,翁文文,02-23049324,,,
431,臺北市,萬華區,新和里;忠貞里;日祥里;,臺北市萬華區青年社區發展協會,臺北市萬華區新和里中華路2段416巷9-3、9-4號(青年國宅),黃意捷,02-23037844,107/10/24,25.0267101,121.5044185
432,臺北市,萬華區,新忠里;,台北市萬華區新忠里辦公處,臺北市萬華區新忠里西藏路125巷7號1樓  (里民活動場所),何麗民,02-23392806,,25.0287637,121.5023125
433,臺北市,萬華區,凌霄里;騰雲里;,主愛社會關懷協會,臺北市萬華區凌霄里中華路二段504巷43號1樓,鐘欽漢,02-23031453,,25.0247464,121.5087008
434,臺北市,萬華區,仁德里;,財團法人台北市中國基督教靈糧世界佈道會台北靈糧堂,臺北市萬華區仁德里桂林路27號1樓及桂林路31號1樓,蘇嫈雲,02-23315658,,25.0379636,121.5048448
435,臺北市,萬華區,福音里;,社團法人台北市艾馨公益慈善會,臺北市萬華區福音里康定路229號6樓,陳玉珍,02-23366516,107/07/24,25.0353733,121.5013573
436,臺北市,萬華區,,臺北市萬華區綠堤里辦公處,臺北市萬華區綠堤里雙園街91號,邱郁惠,02-23023658,,25.0316079,121.4922044
437,臺北市,萬華區,頂碩里;,臺北市萬華區頂碩里辦公處,臺北市萬華區頂碩里興寧街2號3樓,溫宗霖,02-23027320,113/01/01,25.0322385,121.5020158
438,臺北市,萬華區,糖廍里;,臺北市萬華區糖廍里辦公處,臺北市萬華區糖廍里臺北市萬華區糖廍里大理街106號,葉玲瑜,02-23020211,,25.034233,121.4978362
439,臺北市,萬華區,錦德里;,財團法人環宇國際文化教育基金會(萬華),臺北市萬華區錦德里寶興街136號1樓,王淑玄,02-23098844,,25.0249061,121.494762
440,臺北市,萬華區,雙園里;,財團法人天主教聖母聖心會(萬華小德蘭堂),臺北市萬華區雙園里興寧街70號,侯發德,02-23028934,095/04/28,25.0323563,121.4994604
441,臺北市,萬華區,和德里;,臺北市和德長壽健康促進協會,臺北市萬華區和德里興義街25號,林彥薰,02-23395285,107/10/24,25.0268592,121.4921752
442,臺北市,萬華區,,臺北市體育總會瑜珈協會,臺北市萬華區福星里西寧南路6-1號,林子軒,02-23759900#616,,25.0475663,121.5064195
443,臺北市,萬華區,,慈濟中正萬華環保教育站,臺北市萬華區壽德里艋舺大道466號,慈濟台北分會,02-27760111,104/09/09,25.0276831,121.4898358
444,臺北市,萬華區,壽德里;,臺北市萬華區壽德里辦公處,臺北市萬華區壽德里長泰街45號.47號1F,丁楷瑄,02-23328377,,25.023133,121.500314
445,臺北市,萬華區,,臺北市萬華區福音里辦公處,臺北市萬華區福音里昆明街284號1樓/永福街77號1樓,林佩姍,02-23113699,,25.0389016,121.5027532
446,臺北市,萬華區,騰雲里;,台北市萬華區馬場町社區發展協會,臺北市萬華區騰雲里國興路1巷2-4號,吳文雀,02-23096837,107/10/24,25.0241498,121.5088269
447,臺北市,萬華區,新和里;,臺北市萬華區新和里辦公處,臺北市萬華區新和里台北市萬華區新和里(據點場地1  辦公處)   中華路2段416巷13之1號    (據點場地,蔡雯因,0988179744,107/07/30,25.0269562,121.5042331
448,臺北市,萬華區,保德里;,臺北市萬華區保德社區發展協會,臺北市萬華區保德里東園街140巷8號、10號,楊美女,02-23323337,094/10/18,25.0232728,121.4970914
449,臺北市,萬華區,,臺北市萬華區忠貞里辦公處,臺北市萬華區忠貞里青年路58號,林錫褀,02-23093320,,25.0246187,121.5027869
450,臺北市,萬華區,,財團法人天主教單國璽弱勢族群社福基金會,臺北市萬華區日善里西藏路201號,陳美玲,02-23045899,,25.0276236,121.4991888
451,臺北市,萬華區,萬壽里;福星里;銘德里;,台北市萬壽里辦公處,臺北市萬華區萬壽里康定路19號,吳美玟,0970-778508,,25.0453226,121.5032535
452,臺北市,萬華區,孝德里;,臺北市萬華區孝德里辦公處,臺北市萬華區孝德里德昌街261巷16號1樓,李明芬,02-23321818,,25.022452,121.492269
453,臺北市,萬華區,日祥里;忠貞里;新和里;凌霄里;騰雲里;新安里;,臺北市萬華日祥關懷協會,臺北市萬華區日祥里青年路186-1號,孫世珠,02-23376359,,25.0201451,121.5036802
454,臺北市,萬華區,錦德里;,臺北市萬華區錦德里辦公處,臺北市萬華區錦德里寶興街80巷18號,黃鈺鈞,02-23070898,,25.0257504,121.4939029
455,臺北市,萬華區,,社團法人台北市教會愛幫協會,臺北市萬華區西門里中華路1段144號4樓,陳以捷,02-23116767#406,,25.0438886,121.5088024
456,臺北市,萬華區,壽德里;,中華民國雙囍老人義務教育推廣協會,臺北市萬華區壽德里臺北市萬華區萬青區民活動中心,王怡靜,02-23317158#18,,25.0201924,121.5037159
457,臺北市,萬華區,,臺北市萬華區仁德里辦公處,臺北市萬華區仁德里西寧南路192之2號1樓,許淑惠,02-23316860,,25.0389662,121.5061844