序號,行政區,里別,據點名稱,據點類型,據點地址,聯絡電話,lat,lon
1,士林區,三玉里,台灣健康社區自主發展協會,社區照顧關懷據點 10個時段,臺北市士林區三玉里德行東路203巷2號1樓,02-28369493,25.1092589,121.5322353
2,士林區,三玉里,士林老人服務中心(財團法人台北市 中國基督教靈糧世界佈道會士林靈糧 堂),社區照顧關懷據點 功能型(老服中心),臺北市士林區三玉里忠誠路2段53巷7號5樓,02-28381571#253,25.11159,121.5324062
3,士林區,仁勇里,財團法人基督教台灣信義會(士林歌 珊堂),社區照顧關懷據點 4-5時段,臺北市士林區仁勇里大東路76號1樓,0939-060673,25.0903719,121.5258603
4,士林區,天山里,台北市士林區天和社區發展協會,社區照顧關懷據點 6-7時段,臺北市士林區天山里中山北路7段154巷6號4樓,0936-889263,25.1234101,121.5330596
5,士林區,天山里,財團法人天主教遣使會-聖文生之友 社區關懷據點,社區照顧關懷據點 8-9時段,臺北市士林區天山里中山北路7段134號,02-28763236,25.1227884,121.5322519
6,士林區,天山里,財團法人臺北市松年長春社會福利基 金會(士林),社區照顧關懷據點 8-9時段,臺北市士林區天山里中山北路7段122號3樓,02-28723425,25.1224019,121.5321052
7,士林區,天母里,臺北市士林區天母里辦公處,社區照顧關懷據點 2-3時段,臺北市士林區天母里中山北路7段191巷23號,02-28735077,25.125457,121.531086
8,士林區,天母里,財團法人台北市天母基督教會,社區照顧關懷據點 6-7時段,臺北市士林區天母里天玉街63號,02-28714742,25.1220151,121.5307058
9,士林區,天母里,財團法人陽明山基督教天母禮拜堂,社區照顧關懷據點 6-7時段,臺北市士林區天母里中山北路7段216巷1號,02-28711622#25,25.1258702,121.5330052
10,士林區,天玉里,臺北市天母全人關懷協會,社區照顧關懷據點 6-7時段,臺北市士林區天玉里中山北路7段81巷7號B2樓,02-28746222,25.1217666,121.5303175
11,士林區,天祿里,社團法人台灣基督教天母豐盛協會,社區照顧關懷據點 4-5時段,臺北市士林區天祿里中山北路6段726號2-6.7樓,0933-239334,25.1150441,121.5279091
12,士林區,平等里,臺北市士林區平等國民小學,社區照顧關懷據點 樂齡學堂,臺北市士林區平等里平菁街101號,02-28610503#820,25.1289202,121.5759912
13,士林區,永倫里,臺北市士林區社子國民小學,社區照顧關懷據點 樂齡學堂,臺北市士林區永倫里延平北路6段308號,02-2812-2505#873,25.0902432,121.5028742
14,士林區,名山里,臺北市士林區芝山岩社區發展協會,社區照顧關懷據點 4-5時段,臺北市士林區名山里雨聲街68號(芝山岩區民活動中 心),0911-328596,25.1036648,121.5288741
15,士林區,名山里,臺北市士林區幸福名山社區發展協會,社區照顧關懷據點 8-9時段,臺北市士林區名山里雨聲街68號 芝山岩區民活動中 心,0932-353435,25.1036648,121.5288741
16,士林區,名山里,臺北市士林區雨農國民小學,社區照顧關懷據點 樂齡學堂,臺北市士林區名山里忠義街1號,02-28329700#245,25.1049797,121.5296853
17,士林區,百齡里,台北市劍橋有愛全人關懷協會,社區照顧關懷據點 6-7時段,臺北市士林區百齡里福港街244巷3號1樓、臺北市 士林區百齡里福港街244巷4號2樓,0918-090527,25.0842964,121.5172144
18,士林區,岩山里,財團法人台北市華夏婦女文教基金會,社區照顧關懷據點 8-9時段,臺北市士林區岩山里至誠路1段62巷28號,02-28318025,25.1010597,121.5372188
19,士林區,忠誠里,臺北市士林區忠義社區發展協會,社區照顧關懷據點 8-9時段,臺北市士林區忠誠里德行東路104巷9弄8號旁里民 活動中心,02-28310943,25.1066967,121.5289939
20,士林區,承德里,臺北市士林區承德社區發展協會,社區照顧關懷據點 2-3時段,臺北市士林區承德里承德路4段58巷56弄1號1樓,02-28859257,25.082746,121.5207927
21,士林區,東山里,臺北市士林區東山里辦公處,社區照顧關懷據點 2-3時段,臺北市士林區東山里士東路320巷2號1樓,0986-666969,25.113504,121.538604
22,士林區,社園里,臺北市三樂樂齡關懷協會,社區照顧關懷據點 8-9時段,臺北市士林區社園里社中街226號1樓,0972-990917,25.0913621,121.5081024
23,士林區,社新里,財團法人台灣基督長老教會三角埔教 會,社區照顧關懷據點 4-5時段,臺北市士林區社新里延平北路6段261巷3號,0933-125685,25.0888536,121.503941
24,士林區,芝山里,臺北市士林區芝山國民小學,社區照顧關懷據點 樂齡學堂,臺北市士林區芝山里德行東路285號,02-28316115#250,25.1109119,121.5366881
25,士林區,前港里,財團法人新北市基督教新希望教會 (百齡長青),社區照顧關懷據點 10個時段,臺北市士林區前港里承德路4段190號4樓,0970-865525,25.0872006,121.5222819
26,士林區,後港里,財團法人台灣聖公會(牧愛堂),社區照顧關懷據點 8-9時段,臺北市士林區後港里中正路511號,02-28816317,25.0913588,121.5174651
27,士林區,富光里,臺北市士林區富光里辦公處,社區照顧關懷據點 8-9時段,臺北市士林區富光里葫蘆街62號,02-28160879,25.08085,121.5087503
28,士林區,富光里,臺北市士林海光社區發展協會,社區照顧關懷據點 8-9時段,臺北市士林區富光里葫蘆街86號1樓,0953-022989,25.0818787,121.5083523
29,士林區,富洲里,台北海洋學校財團法人台北海洋科技 大學,社區照顧關懷據點 2-3時段,臺北市士林區富洲里延平北路9段212號,0955-907688,25.1081747,121.471137
30,士林區,富洲里,臺北市士林區富安國民小學,社區照顧關懷據點 樂齡學堂,臺北市士林區富洲里延平北路8段135號,02-21803192#651,25.1054642,121.4825723
31,士林區,義信里,社團法人中華仁親社區關懷協會,社區照顧關懷據點 6-7時段,臺北市士林區義信里基河路128號2樓,0956-885626,25.0885079,121.5233244
32,士林區,葫東里,臺北市士林區葫東里辦公處,社區照顧關懷據點 8-9時段,臺北市士林區葫東里中正路589號1樓,0933-716265,25.0866496,121.5107238
33,士林區,葫蘆里,臺北市士林區葫蘆里辦公處,社區照顧關懷據點 6-7時段,臺北市士林區葫蘆里葫蘆街137號,0958-972685,25.0838426,121.5086165
34,士林區,福中里,社團法人中華仁親社區關懷協會(福 中好厝邊),社區照顧關懷據點 2-3時段,臺北市士林區福中里福港街151號10樓,0936-321032,25.087166,121.517745
35,士林區,福志里,社團法人中華悅齡長照關懷協會,社區照顧關懷據點 8-9時段,臺北市士林區福志里雨農路92號之1(1樓社區教室 B)、臺北市士林區中山北路5段685號3樓之1,02-28327510,25.0997907,121.5328129
36,士林區,福佳里,財團法人臺北市現代悅齡社會福利基 金會,社區照顧關懷據點 10個時段,臺北市士林區福佳里華聲街17號5樓,02-27565010,25.096592,121.5225494
37,士林區,福佳里,臺北市士林區福佳社區發展協會,社區照顧關懷據點 4-5時段,臺北市士林區福佳里文昌路166-1號(文昌區民活動 中心),0916-062297,25.0981448,121.5203735
38,士林區,福林里,臺北市體適能指導工作人員職業工會 (福林里),社區照顧關懷據點 2-3時段,臺北市士林區福林里中正路187巷26號,02-28922200,25.0947209,121.5273211
39,士林區,福順里,臺北市士林區福順里辦公處,社區照顧關懷據點 8-9時段,臺北市士林區福順里延平北路5段136巷24號(福順 里里民活動場所),02-28160989,25.0820854,121.5114478
40,士林區,福德里,臺北市士林區福德里辦公處,社區照顧關懷據點 4-5時段,臺北市士林區福德里福德路81巷14號,0970-389017,25.0923428,121.5213199
41,士林區,福德里,社團法人台北市士林全人關懷協會,社區照顧關懷據點 6-7時段,臺北市士林區福德里中正路335巷 9號&11號,0953-469293,25.0940496,121.5232797
42,士林區,福德里,臺北市士林區士林國民小學,社區照顧關懷據點 樂齡學堂,臺北市士林區福德里大東路165號,02-28812231#243,25.0924085,121.5248232
43,士林區,翠山里,財團法人台北市中華基督教浸信會慈 光堂,社區照顧關懷據點 10個時段,臺北市士林區翠山里中社路1段43巷1號,0912-007084,25.1087676,121.5613135
44,士林區,德行里,臺北市士林區蘭興里辦公處,社區照顧關懷據點 4-5時段,臺北市士林區德行里德行西路30號(仰德區民活動中 心),02-88664298,25.1054052,121.5233249
45,士林區,德行里,臺北市士林區德行里辦公處,社區照顧關懷據點 6-7時段,臺北市士林區德行里德行西路30號,02-88662865,25.1054699,121.5234851
46,士林區,臨溪里,臺北市立至善國中,社區照顧關懷據點 樂齡學堂,臺北市士林區臨溪里至善路2段360號,02-28411350#50,25.1036391,121.5555851
47,士林區,蘭興里,財團法人福智慈善基金會(天母),社區照顧關懷據點 8-9時段,臺北市士林區蘭興里中山北路6段243號1樓,02-28382503#0,25.1092337,121.5251501
48,大同區,大有里,臺北市大同區大有里辦公處,社區照顧關懷據點 6-7時段,臺北市大同區大有里民樂街115號1樓,02-25577229,25.057481,121.510681
49,大同區,民權里,臺北市大同區柴寮仔社區發展協會,社區照顧關懷據點 6-7時段,臺北市大同區民權里民權西路172號1樓,0932-844756,25.062729,121.5150317
50,大同區,永樂里,臺北市大同區永樂里辦公處,社區照顧關懷據點 4-5時段,臺北市大同區永樂里南京西路239巷31號,0930-087087,25.053761,121.509232
51,大同區,永樂里,社團法人台北市歐伊寇斯OIKOS社 區關懷協會,社區照顧關懷據點 8-9時段,臺北市大同區永樂里延平北路2段60巷2號,02-25588896#633,25.055393,121.5115213
52,大同區,玉泉里,臺北市大同區玉泉里辦公處,社區照顧關懷據點 4-5時段,臺北市大同區玉泉里西寧北路11號,0979-305833,25.0523116,121.5086659
53,大同區,玉泉里,臺北市忠孝國民中學,社區照顧關懷據點 樂齡學堂,臺北市大同區玉泉里西寧北路32號,02-25524890#61,25.050985,121.5072911
54,大同區,光能里,財團法人一粒麥子社會福利慈善事業 基金會,社區照顧關懷據點 10個時段,臺北市大同區光能里承德路2段33之1號1樓;33號2 樓,02-23320669#12,25.0546795,121.5184019
55,大同區,至聖里,天主教耕莘醫療財團法人永和耕莘醫 院(大騙老人住宅),社區照顧關懷據點 10個時段,臺北市大同區至聖里民族西路105號4樓及4樓之1,02-66178186,25.0687846,121.5170522
56,大同區,至聖里,臺北市大同信望愛關懷協會(門諾),社區照顧關懷據點 4-5時段,臺北市大同區至聖里重慶北路3段223巷43、45、 47號,0917-899289,25.0705638,121.5155384
57,大同區,延平里,臺北市大同區延平里辦公處,社區照顧關懷據點 2-3時段,臺北市大同區延平里甘州街12號,0928-823380,25.0585254,121.5127933
58,大同區,保安里,社團法人中華無齡酷活協會,社區照顧關懷據點 4-5時段,臺北市大同區保安里重慶北路3段313巷25號2樓,0914-000083,25.0742327,121.5149002
59,大同區,南芳里,社團法人中華國際照顧發展協會,社區照顧關懷據點 2-3時段,臺北市大同區南芳里迪化街1段296號,02-25505567 0910-381106,25.0609526,121.5094186
60,大同區,南芳里,臺北市大同區太平國民小學,社區照顧關懷據點 樂齡學堂,臺北市大同區南芳里延平北路2段239號,02-25532229#840,25.0617939,121.5119282
61,大同區,建功里,臺北市大同區圓環社區發展協會,社區照顧關懷據點 8-9時段,臺北市大同區建功里重慶北路1段83巷37號,0935-604700,25.0495802,121.5136357
62,大同區,建泰里,財團法人台北市建成基督長老教會,社區照顧關懷據點 6-7時段,臺北市大同區建泰里承德路1段77巷29號1樓,02-25580685,25.0521949,121.5202958
63,大同區,建泰里,臺北市私立志仁高中職業進修學校,社區照顧關懷據點 樂齡學堂,臺北市大同區建泰里南京西路64巷17號,02-25551656#16,25.0521994,121.5188031
64,大同區,星明里,臺北市大同區星明社區發展協會,社區照顧關懷據點 4-5時段,臺北市大同區星明里太原路161巷4號,0938-631165,25.0553249,121.5175357
65,大同區,重慶里,臺北市大同區慶安社區發展協會,社區照顧關懷據點 8-9時段,臺北市大同區重慶里敦煌路90號1樓，臺北市大同 區重慶里敦煌路92號1樓,0931-101838,25.0758656,121.5169613
66,大同區,重慶里,大同老人服務暨日間照顧中心,社區照顧關懷據點 功能型(老服中心),臺北市大同區重慶里重慶北路3段347號3樓,02-25929808,25.0747849,121.5140737
67,大同區,國慶里,臺北市大同區國慶社區發展協會,社區照顧關懷據點 2-3時段,臺北市大同區國慶里重慶北路3段136巷18號;臺北 市大同區國慶里重慶北路3段136巷20號,02-25940089,25.067642,121.5129185
68,大同區,國慶里,臺北市大同區國慶里辦公處,社區照顧關懷據點 4-5時段,臺北市大同區國慶里民族西路260號1樓;重慶北路 3段76號4樓(區活大禮堂),0930-858876,25.0684869,121.5121187
69,大同區,景星里,臺北市大同區景星里辦公處,社區照顧關懷據點 4-5時段,臺北市大同區景星里伊寧街75巷4號1樓;臺北市大 同區迪化街1段374號2樓,0981-962269,25.0648933,121.510308
70,大同區,景星里,財團法人臺北市松年長春社會福利基 金會(大橋),社區照顧關懷據點 8-9時段,臺北市大同區景星里迪化街2段65號、67號1樓,02-25974784,25.064832,121.5094468
71,大同區,朝陽里,臺北市大同區真善美社區發展協會,社區照顧關懷據點 4-5時段,臺北市大同區朝陽里天水路51巷4號2樓及4-1號2樓,0939-613118,25.0528382,121.5126772
72,大同區,朝陽里,台北市朝陽服飾材料街區發展協會,社區照顧關懷據點 6-7時段,臺北市大同區朝陽里重慶北路2段46巷6號,0936-229268,25.0552017,121.5138158
73,大同區,隆和里,臺北市大同區隆和里辦公處,社區照顧關懷據點 4-5時段,臺北市大同區隆和里景化街46號,0922-799261,25.0650578,121.5125801
74,大同區,隆和里,社團法人中華視障安養福利協會,社區照顧關懷據點 6-7時段,臺北市大同區隆和里伊寧街37號1樓,02-25952872,25.0647371,121.5122298
75,大同區,蓬萊里,社團法人中華萌愛關懷協會,社區照顧關懷據點 8-9時段,臺北市大同區蓬萊里承德路3段60號B1,02-25931138,25.0653101,121.5180203
76,大同區,蓬萊里,臺北市大同區大同國小,社區照顧關懷據點 樂齡學堂,臺北市大同區蓬萊里大龍街51號,02-25965407#361,25.0648806,121.5161576
77,大同區,雙連里,台北市777銀髮族協會,社區照顧關懷據點 4-5時段,臺北市大同區雙連里承德路2段215號7樓之2,0928-828420,25.0598997,121.518433
78,大安區,大學里,臺北市大安區大學里辦公處,社區照顧關懷據點 4-5時段,臺北市大安區大學里溫州街74巷2弄4號1樓;新生 南路3段86號,02-23622674,25.0199543,121.5327674
79,大安區,大學里,社團法人中華民國香柏樹長者社區關 懷協會(台電),社區照顧關懷據點 6-7時段,臺北市大安區大學里羅斯福路3段275號3樓,0928-551924,25.0183858,121.5309527
80,大安區,大學里,社團法人中華民國香柏樹長者社區關 懷協會(台大),社區照顧關懷據點 6-7時段,臺北市大安區大學里新生南路3段86號4樓、8樓、9 樓,0988-790144,25.0186006,121.5331196
81,大安區,仁愛里,臺北市大安區仁愛里辦公處,社區照顧關懷據點 2-3時段,臺北市大安區仁愛里復興南路1段191-1號,0988-179808,25.0401074,121.5440007
82,大安區,仁愛里,社團法人台灣喜樂家族協會(大安),社區照顧關懷據點 4-5時段,臺北市大安區仁愛里忠孝東路4段126-19號7樓,0908-807938,25.0414432,121.5441092
83,大安區,仁慈里,臺北市大安區仁慈里辦公處,社區照顧關懷據點 2-3時段,臺北市大安區仁慈里復興南路1段295巷18號1樓; 279巷26號1樓;信義路4段1號11樓之6,0988-136600,25.0367328,121.5433687
84,大安區,仁慈里,財團法人成長文教基金會,社區照顧關懷據點 8-9時段,臺北市大安區仁慈里東豐街1號2樓,02-27000657,25.0361475,121.5438732
85,大安區,古風里,臺北市大安區古風里辦公處,社區照顧關懷據點 4-5時段,臺北市大安区古風里泰順街54巷23號;龍坡里辛亥 路1段臨141號,0988-179816,25.0229304,121.5294758
86,大安區,古風里,臺北市大安區古風社區發展協會,社區照顧關懷據點 6-7時段,臺北市大安區古風里師大路117巷1、3號(芒果香 草園);龍坡里辛亥路1段臨141號(辛亥區活),0910-951259,25.0222495,121.5286446
87,大安區,古莊里,臺北市大安區古莊里辦公處,社區照顧關懷據點 4-5時段,臺北市大安區古莊里浦城街16巷2號,02-23696193,25.02362,121.5266297
88,大安區,古莊里,臺北市大安區古莊社區發展協會,社區照顧關懷據點 8-9時段,臺北市大安區古莊里羅斯福路2段81巷16弄1-2號2 樓;浦城街16巷2號,02-23696262,25.0255496,121.5245957
89,大安區,民炤里,臺北市大安區新民炤社區發展協會,社區照顧關懷據點 10個時段,臺北市大安區民炤里建國南路1段286巷35號1樓、48號1樓,02-27012389,25.0345817,121.5382079
90,大安區,民炤里,臺北市大安區民炤里辦公處,社區照顧關懷據點 6-7時段,臺北市大安區民炤里信義路3段31巷5號，5-1號1 樓;新生南路1段157巷19號3樓,02-27008406,25.0341435,121.5347259
91,大安區,民炤里,臺北市大安區幸安國民小學,社區照顧關懷據點 樂齡學堂,臺北市大安區仁愛路3段22號,02-27074191#3402,25.0374,121.534971
92,大安區,民輝里,臺北市大安區民輝里辦公處,社區照顧關懷據點 2-3時段,臺北市大安區民輝里濟南路3段9號3樓,0988-179810,25.0403155,121.5337239
93,大安區,永康里,臺北市大安區永康里辦公處,社區照顧關懷據點 6-7時段,臺北市大安區永康里金華街199巷3弄6號1樓,0931-234954,25.030536,121.528429
94,大安區,光明里,臺北市大安區光明里辦公處,社區照顧關懷據點 8-9時段,臺北市大安區光明里信義路2段86巷26號,0928-924384,25.0337801,121.5258274
95,大安區,光明里,臺北市私立金甌女子高級中學,社區照顧關懷據點 樂齡學堂,臺北市大安區光明里杭州南路2段1號,02-23915081#25,25.0348377,121.5242651
96,大安區,光信里,臺北市大安區光信里辦公處,社區照顧關懷據點 2-3時段,臺北市大安區光信里延吉街236巷17號2樓,02-27032357,25.0364046,121.5551056
97,大安區,光信里,財團法人福智慈善基金會(安和據 點),社區照顧關懷據點 8-9時段,臺北市大安區光信里信義路4段265巷21弄3號1樓,02-27015861,25.0344478,121.5546889
98,大安區,全安里,臺北市大安區全安里辦公處,社區照顧關懷據點 4-5時段,臺北市大安區全安里和平東路3段119巷25號1樓,0988-179836,25.02644,121.5332197
99,大安區,住安里,臺北市大安區住安社區發展協會,社區照顧關懷據點 8-9時段,臺北市大安區住安里信義路4段30巷27弄24號1、2 樓,02-27550387,25.0321507,121.545737
100,大安區,車層里,臺北市大安區車層里辦公處,社區照顧關懷據點 2-3時段,臺北市大安區車層里忠孝東路4段285號5樓,02-27119800,25.0414432,121.5441092
101,大安區,和安里,社團法人天主教中華基督神修小會之 友人文關懷與服務促進協會(大安),社區照顧關懷據點 4-5時段,臺北市大安區和安里信義路3段147巷15弄23號1樓,02-25230538,25.0351704,121.5427674
102,大安區,法治里,臺北市大安區法治里辦公處,社區照顧關懷據點 6-7時段,臺北市大安區法治里通化街192號,0980-403536,25.0261602,121.5529248
103,大安區,法治里,台北市通化玫瑰社會關懷協會,社區照顧關懷據點 6-7時段,臺北市大安區法治里通化街178號1樓,0921-893081,25.0275589,121.5532941
104,大安區,臥龍里,臺北市大安區臥龍里辦公處,社區照顧關懷據點 4-5時段,臺北市大安區臥龍里復興南路2段355號1樓,0908-415053,25.0231045,121.5435586
105,大安區,芳和里,社團法人中華生命關愛協會,社區照顧關懷據點 4-5時段,臺北市大安區芳和里和平東路3段212巷12號,0922-407837,25.026482,121.533964
106,大安區,芳和里,臺北市大安區大安國民小學,社區照顧關懷據點 樂齡學堂,臺北市大安區芳和里臥龍街129號,02-27322332#843,25.0189218,121.5504269
107,大安區,建倫里,財團法人台北市城東基督長老教會,社區照顧關懷據點 8-9時段,臺北市大安區建倫里安和路1段45號1樓、43號2 樓、47號3樓,02-27711282,25.039561,121.5505587
108,大安區,通化里,臺北市大安區通化里辦公處,社區照顧關懷據點 4-5時段,臺北市大安區通化里通化街19巷19號,0932-210203,25.0317654,121.5552833
109,大安區,通安里,臺北市大安區通安里辦公處,社區照顧關懷據點 4-5時段,臺北市大安區通安里通安街98號,02-23511711#8265,25.0297834,121.5529532
110,大安區,敦煌里,臺北市大安區敦煌里辦公處,社區照顧關懷據點 4-5時段,臺北市大安區敦煌里信義路4段265巷21弄22號1樓,0932-396218,25.0337041,121.5557001
111,大安區,新龍里,臺北市大安區新龍里辦公處,社區照顧關懷據點 4-5時段,臺北市大安區新龍里信義路3段134巷82號2樓,0922-588173,25.0294137,121.5392804
112,大安區,新龍里,臺北市大安區大安新龍社區發展協會,社區照顧關懷據點 6-7時段,臺北市大安區新龍里信義路3段134巷98號1樓:82 號2樓,02-7067771,25.0290764,121.5389947
113,大安區,群英里,臺北市大安區群英里辦公處,社區照顧關懷據點 10個時段,臺北市大安區群英里四維路198巷30弄9號1樓; 198巷38弄2、4、8號1樓;198巷42、44號,0911-598530,25.026519,121.5458646
114,大安區,群賢里,臺北市大安區群賢里辦公處,社區照顧關懷據點 2-3時段,臺北市大安區群賢里和平東路2段311巷43弄36號1 樓,02-27003623,25.026419,121.533962
115,大安區,群賢里,財團法人台灣基督長老教會大安教會,社區照顧關懷據點 6-7時段,臺北市大安區群賢里和平東路3段1巷51號,0939-431678,25.026482,121.533964
116,大安區,義安里,臺北市大安區新義安社區發展協會,社區照顧關懷據點 4-5時段,臺北市大安區義安里敦化 南路2段11巷38弄9號1樓,0910-161606,25.0320902,121.550968
117,大安區,義安里,臺北市東方高級工商職業學校,社區照顧關懷據點 樂齡學堂,臺北市大安區義安里信義路4段186巷8號,02-27069285,25.0318429,121.5510932
118,大安區,義村里,臺北市大安區義村里辦公處,社區照顧關懷據點 2-3時段,臺北市大安區義村里忠孝東路3段248巷7弄4號1樓,02-27119084,25.0416091,121.5412737
119,大安區,義村里,臺北市立懷生國民中學,社區照顧關懷據點 樂齡學堂,臺北市大安區義村里忠孝東路3段248巷30號,02-27215078#553,25.0416091,121.5412737
120,大安區,誠安里,臺北市大安區安東社區發展協會,社區照顧關懷據點 10個時段,臺北市大安區誠安里安東街28號1樓、31之1號1 樓;中山區埤頭里市民大道3段209號1樓,0932-154320,25.0454213,121.543015
121,大安區,誠安里,臺北市大安區誠安里辦公處,社區照顧關懷據點 4-5時段,臺北市大安區誠安里安東街28號1樓;31之1號1 樓;中山區埤頭里市民大道3段209號1樓,02-27715532,25.0454213,121.543015
122,大安區,福住里,臺北市大安區福住里辦公處,社區照顧關懷據點 4-5時段,臺北市大安區福住里永康街47巷10之1號,0936-173519,25.0300454,121.5301374
123,大安區,德安里,社團法人台灣德安社會福利協會(大 安老人服務暨日間照顧中心),社區照顧關懷據點 6-7時段,臺北市大安區德安里四維路76巷12號,02-27086255,25.0342045,121.5473046
124,大安區,黎元里,社團法人台灣厝邊有愛關懷協會(六 張犁),社區照顧關懷據點 8-9時段,臺北市大安區黎元里臥龍街215號,02-27329041 0910-103200,25.0185119,121.5535662
125,大安區,學府里,臺北市大安區學府社區發展協會,社區照顧關懷據點 4-5時段,臺北市大安區學府里羅斯福路4段119巷66弄12號,0953-222343,25.0094299,121.539334
126,大安區,學府里,臺北市大安區銘傳國民小學,社區照顧關懷據點 樂齡學堂,臺北市大安區學府里羅斯福路4段21號,02-23639815#17,25.0140644,121.5356248
127,大安區,錦安里,臺北市大安區錦町社區發展協會,社區照顧關懷據點 6-7時段,臺北市大安區錦安里潮州街130巷3號1樓;永康街 60號4樓,0928-494909,25.0285555,121.527565
128,大安區,錦安里,國立臺灣師範大學學務處全人教育中 心,社區照顧關懷據點 8-9時段,臺北市大安區錦安里和平東路1段129號,02-77496786,25.0274561,121.5285368
129,大安區,錦泰里,臺北市大安區錦泰里辦公處,社區照顧關懷據點 4-5時段,臺北市大安區錦泰里杭州南路2段61巷6號1樓;杭 州南路2段65巷10號1樓,02-23918123,25.0297071,121.5227893
130,大安區,錦華里,臺北市大安區錦華里辦公處,社區照顧關懷據點 4-5時段,臺北市大安區錦華里杭州南路2段93巷1-1號;潮州 街68號,0988-179824,25.0286154,121.5221514
131,大安區,龍生里,臺北市大安區龍生里辦公處,社區照顧關懷據點 4-5時段,臺北市大安區龍生里和平東路2段107巷9號,0988-179829,25.026419,121.533962
132,大安區,龍安里,社團法人台灣厝邊有愛關懷協會(台 北和平),社區照顧關懷據點 8-9時段,臺北市大安區龍安里和平東路1段183巷9號1樓;11 弄1號1樓,02-23510087#201,25.0263477,121.5330343
133,大安區,龍坡里,臺北市大安區龍坡里辦公處,社區照顧關懷據點 2-3時段,臺北市大安區龍坡里辛亥路1段臨141號,0933-155369,25.00046,121.5545729
134,大安區,龍坡里,中華民國紅十字會台灣省分會(新 生),社區照顧關懷據點 6-7時段,臺北市大安區龍坡里新生南路3段20-1號4樓,02-23630098,25.0242363,121.534439
135,大安區,龍門里,社團法人台灣愛鄰社區服務協會,社區照顧關懷據點 6-7時段,臺北市大安區龍門里新生南路3段11巷15號1樓、3 樓,02-23623022#8713,25.0251767,121.5366951
136,大安區,龍陣里,社團法人臺北市永健長青促進協會,社區照顧關懷據點 10個時段,臺北市大安區龍陣里瑞安街71巷5弄1號1樓;瑞安 街75號3樓;新龍里信義路3段134巷82號2樓,0932-384519,25.0281623,121.5416701
137,大安區,龍陣里,臺北市大安區龍陣里辦公處,社區照顧關懷據點 4-5時段,臺北市大安區龍陣里瑞安街75號3樓,0958-918669,25.0281919,121.5411768
138,大安區,龍陣里,臺北市長立健康樂活協會,社區照顧關懷據點 8-9時段,臺北市大安區龍陣里瑞安街75號3樓,0958-918669,25.0281919,121.5411768
139,大安區,龍陣里,臺北市私立開平餐飲職業學校,社區照顧關懷據點 樂齡學堂,復興南路2段148巷24號,02-27556939#317,25.0289215,121.5420609
140,大安區,龍雲里,臺北市大安區臺北龍雲社區發展協會,社區照顧關懷據點 4-5時段,臺北市大安區龍雲里大安路2段160巷24號,02-27547302,25.0287301,121.5452754
141,大安區,龍圖里,臺北市大安區龍圖里辦公處,社區照顧關懷據點 4-5時段,臺北市大安區龍圖里瑞安街176號,0975-827669,25.0288116,121.5413045
142,大安區,臨江里,臺北市大安區臨江里辦公處,社區照顧關懷據點 4-5時段,臺北市大安區臨江里通化街143巷33號1樓,02-27388269,25.0284918,121.5560025
143,中山區,力行里,社團法人中華社區厝邊頭尾營造協會,社區照顧關懷據點 4-5時段,臺北市中山區力行里南京東路3段130號3樓,0939-260482,25.052267,121.53607
144,中山區,下埤里,財團法人新北市基督教新希望教會 (中山五常),社區照顧關懷據點 10個時段,臺北市中山區下埤里龍江路377巷20號1樓,0976-180539,25.0646843,121.5421459
145,中山區,下埤里,臺北市立五常國民中學,社區照顧關懷據點 樂齡學堂,復興北路430巷1號,02-25014320#107,25.0634801,121.5433001
146,中山區,大直里,社團法人臺北市中山區大直社區發展 協會(大直一),社區照顧關懷據點 6-7時段,臺北市中山區大直里大直街21巷2號4樓,0916-780645,25.0816436,121.5468816
147,中山區,大直里,社團法人臺北市中山區大直社區發展 協會,社區照顧關懷據點 8-9時段,臺北市中山區大直里大直街1號4樓,0916-780645,25.0805188,121.5468794
148,中山區,大直里,臺北市中山區大直國民小學,社區照顧關懷據點 樂齡學堂,臺北市中山區大直里大直街2號,02-25333953#53,25.083415,121.544912
149,中山區,中山里,財團法人台灣老人急重症基金會(中 山據點),社區照顧關懷據點 4-5時段,臺北市中山區中山里中山北路2段77巷14號3樓,02-25224388,25.05737,121.524349
150,中山區,中央里,臺北市中山區中央里民社區發展協會,社區照顧關懷據點 2-3時段,臺北市中山區中央里伊通街125巷11-1號,0972-295633,25.0540927,121.535417
151,中山區,中央里,財團法人味全文化教育基金會,社區照顧關懷據點 6-7時段,臺北市中山區中央里松江路125號4樓,02-25065001,25.0531691,121.5334641
152,中山區,中原里,財團法人台灣省私立健順養護中心 (中山老人住宅暨服務中心),社區照顧關懷據點 2-3時段,臺北市中山區中原里新生北路2段101巷2號,02-25420006,25.057139,121.528395
153,中山區,中原里,臺北市中山區中原里辦公處,社區照顧關懷據點 4-5時段,臺北市中山區中原里新生北路2段53號2樓,0972-245777,25.0560942,121.5279621
154,中山區,中原里,台北市敬老協會,社區照顧關懷據點 8-9時段,臺北市中山區中原里新生北路2段41巷7號1樓;新 生北路2段53之3號2樓;南京東路1段35號1樓,02-25819955,25.0553994,121.5283293
155,中山區,中原里,臺北市中山區吉林國民小學,社區照顧關懷據點 樂齡學堂,臺北市中山區中原里長春路116號,02-25630782,25.0547087,121.5295626
156,中山區,北安里,臺北市中山區北安里辦公處,社區照顧關懷據點 2-3時段,臺北市中山區北安里北安路759巷6號,02-25337936,25.0861907,121.5530869
157,中山區,北安里,社團法人台北市家庭照顧者關懷協會,社區照顧關懷據點 6-7時段,臺北市中山區北安里北安路805巷4弄5號地下,0916-780645,25.0862564,121.5543684
158,中山區,正得里,財團法人台北市中山基督長老教會,社區照顧關懷據點 8-9時段,臺北市中山區正得里林森北路62號;臺北市中山區正 得里中山北路1段53巷23號,0987-369783,25.0489614,121.5242278
159,中山區,正義里,社團法人天主教中華基督神修小會之 友人文關懷與服務促進協會,社區照顧關懷據點 4-5時段,臺北市中山區正義里林森北路73號2樓,0937-937856,25.0493129,121.5248958
160,中山區,民安里,臺北市中山區民安里辦公處,社區照顧關懷據點 4-5時段,臺北市中山區民安里長安西路3號3樓之1,0983-672893,25.050231,121.521014
161,中山區,永安里,臺北市中山區永安里辦公處,社區照顧關懷據點 2-3時段,臺北市中山區永安里明水路389號,0910-857885,25.0776146,121.5465074
162,中山區,永安里,社團法人臺北市生命樹健康關懷協會,社區照顧關懷據點 4-5時段,臺北市中山區永安里北安路458巷41弄50號,0932-314995,25.0789041,121.5465332
163,中山區,朱崙里,臺北市中山區朱厝崙社區發展協會,社區照顧關懷據點 10個時段,臺北市中山區朱崙里龍江路15號3樓(朱崙區民活動 中心),02-27815504 0936-096604,25.0475413,121.5405446
164,中山區,朱園里,臺北市中山區朱園里辦公處,社區照顧關懷據點 4-5時段,臺北市中山區朱園里松江路25巷9號B1,0922-161726,25.0475789,121.5339642
165,中山區,江山里,社團法人台灣厝邊有愛關懷協會(中 興教會),社區照顧關懷據點 6-7時段,臺北市中山區江山里復興北路280巷8號,0928-131257,25.0585956,121.5433582
166,中山區,江寧里,社團法人臺北市基督教合江拿撒勒人 會,社區照顧關懷據點 4-5時段,臺北市中山區江寧里合江街127巷6號,0911-781607,25.0606278,121.539633
167,中山區,行仁里,財團法人臺北市松年長春社會福利基 金會(中山),社區照顧關懷據點 6-7時段,臺北市中山區行仁里龍江路318巷7號1樓,02-25000206,25.0648629,121.5404259
168,中山區,行孝里,臺北市中山區行孝里辦公處,社區照顧關懷據點 4-5時段,臺北市中山區行孝里民族東路282號4樓,02-25172230,25.0677405,121.5358764
169,中山區,行政里,臺北市中山區行政里辦公處,社區照顧關懷據點 4-5時段,臺北市中山區行政里民權東路2段135巷20弄18號1 樓,02-25092994,25.0621287,121.5375231
170,中山區,行政里,臺北市長青福利會,社區照顧關懷據點 4-5時段,臺北市中山區行政里民權東路2段135巷30弄18號1 樓,02-25079552,25.0621287,121.5375231
171,中山區,松江里,財團法人台北市中國基督教靈糧世界 佈道會台北靈糧堂(松江靈糧福音中 心),社區照顧關懷據點 2-3時段,臺北市中山區松江里民權東路2段146號2樓,02-25171835,25.0621287,121.5375231
172,中山區,金泰里,臺北市立濱江國民小學,社區照顧關懷據點 樂齡學堂,臺北市中山區金泰里樂群二路266巷99號,02-85021571#1202,25.0772132,121.5606372
173,中山區,金泰里,臺北市濱江實驗國民中學,社區照顧關懷據點 樂齡學堂,臺北市中山區金泰里樂群二路262號,02-85020126#511,25.0792217,121.5609048
174,中山區,埤頭里,臺北市中山區埤頭里辦公處,社區照顧關懷據點 2-3時段,臺北市中山區埤頭里安東街5之2號,0913-011212,25.0461133,121.5421096
175,中山區,康樂里,財團法人台北市台北中華基督教會,社區照顧關懷據點 6-7時段,臺北市中山區康樂里中山北路2段45巷39號,0932-256884,25.0545129,121.5249793
176,中山區,復華里,臺北市復華長青多元服務中心(財團 法人台灣省私立健順養護中心),社區照顧關懷據點 6-7時段,臺北市中山區復華里遼寧街185巷11號,02-27171393#16,25.0534368,121.5427985
177,中山區,復華里,臺北市復華長青多元服務中心(社團 法人中華民國士林靈糧堂社會福利協 會),社區照顧關懷據點 6-7時段,臺北市中山區復華里遼寧街185巷11號,02-27171393*16,25.0534368,121.5427985
178,中山區,晴光里,臺北市中山區晴光里辦公處,社區照顧關懷據點 6-7時段,臺北市中山區晴光里雙城街18巷20號,0981-201026,25.0653711,121.5230588
179,中山區,集英里,臺北市私立大同高級中學,社區照顧關懷據點 樂齡學堂,臺北市中山區集英里中山北路3段40號,02-25858785#813,25.0671544,121.521804
180,中山區,圓山里,財團法人佳音文教基金會,社區照顧關懷據點 2-3時段,臺北市中山區圓山里雙城街43巷2號1樓,0908-685070,25.0675634,121.5247386
181,中山區,新庄里,臺北市中山區新福里辦公處,社區照顧關懷據點 2-3時段,臺北市中山區新庄里新生北路3段105號,0910-195039,25.0707864,121.5292897
182,中山區,新喜里,財團法人新北市基督教新希望教會 (新喜),社區照顧關懷據點 8-9時段,臺北市中山區新喜里吉林路433巷17號,02-25993693,25.0670215,121.5313213
183,中山區,新福里,財團法人天主教中華道明會,社區照顧關懷據點 4-5時段,臺北市中山區新福里吉林路378號,02-25942294分機4071,25.0645903,121.5298819
184,中山區,聚盛里,財團法人台灣老人急重症基金會(聚 盛據點),社區照顧關懷據點 4-5時段,臺北市中山區聚盛里民生東路1段23巷2號;臺北市 中山區民生東路1段42號7樓之3,02-25224388,25.0582855,121.5243319
185,中山區,聚葉里,臺北市中山區聚葉里辦公處,社區照顧關懷據點 2-3時段,臺北市中山區聚葉里中山北路2段137巷35號,0952-080608,25.0618136,121.5247419
186,中山區,聚葉里,臺北市立新興國民中學,社區照顧關懷據點 樂齡學堂,臺北市中山區聚葉里林森北路511號,02-25714211#603,25.0621164,121.5263108
187,中山區,劍潭里,臺北市中山區劍潭里辦公處,社區照顧關懷據點 2-3時段,臺北市中山區劍潭里通北街143號,0952-630327,25.084918,121.538043
188,中山區,興亞里,臺北市立長安國民中學,社區照顧關懷據點 樂齡學堂,臺北市中山區興亞里松江路70巷11號,02-25112382#604,25.0494929,121.5317817
189,中山區,龍洲里,財團法人台灣老人急重症基金會(龍 洲據點),社區照顧關懷據點 4-5時段,臺北市中山區龍洲里民生東路3段88巷1號 1樓,02-25224388,25.0576214,121.5417828
190,中正區,三愛里,臺北市中正區三愛里辦公處,社區照顧關懷據點 2-3時段,臺北市中正區三愛里連雲街26巷9號,02-23912222,25.0367399,121.5312848
191,中正區,文北里,財團法人伽耶山基金會,社區照顧關懷據點 6-7時段,臺北市中正區文北里濟南路2段36號2樓、3樓、4樓,02-23946800 #404,25.0406143,121.5295905
192,中正區,文盛里,財團法人環宇國際文化教育基金會,社區照顧關懷據點 10個時段,臺北市中正區文盛里羅斯福路3段240巷17弄3號/ 臺北市中正區水源路臨28號,02-23641334,25.0176349,121.5290591
193,中正區,文盛里,財團法人耕莘文教基金會,社區照顧關懷據點 8-9時段,臺北市中正區文盛里辛亥路1段22號4樓,02-23655615分機316,25.00046,121.5545729
194,中正區,文祥里,臺北市中正區文祥社區發展協會,社區照顧關懷據點 4-5時段,臺北市中正區文祥里杭州南路1段131巷22號,0919-319818,25.0360731,121.524089
195,中正區,水源里,台北市寶藏巖文化村協會,社區照顧關懷據點 6-7時段,臺北市中正區水源里汀州路3段230巷14弄10號/臺 北市中正區羅斯福路4段92號4樓,0926-579112,25.0105669,121.5324161
196,中正區,永功里,臺北市中正區永功里辦公處,社區照顧關懷據點 4-5時段,臺北市中正區永功里詔安街114號,0914-152169/0933-016366,25.0256991,121.5109546
197,中正區,永功里,財團法人台北市中國基督教靈糧世界 佈道會台北靈糧堂(古亭靈糧福音中 心),社區照顧關懷據點 8-9時段,臺北市中正區永功里三元街198號1樓/2樓/218號,02-23396540,25.0276511,121.5119608
198,中正區,永功里,臺北市立古亭國民中學,社區照顧關懷據點 樂齡學堂,臺北市中正區中華路2段465號,02-23090986#610,25.024302,121.5104141
199,中正區,永昌里,臺北市中正區永寬社區發展協會,社區照顧關懷據點 6-7時段,臺北市中正區永昌里寧波西街181巷8號1樓,0935-272021,25.0266493,121.5104644
200,中正區,永昌里,臺北市永昌長青會,社區照顧關懷據點 8-9時段,臺北市中正區永昌里寧波西街181巷24號1樓,02-23071068,25.026537,121.510054
201,中正區,光復里,中華全齡關懷協會(博愛),社區照顧關懷據點 4-5時段,臺北市中正區光復里博愛路134號10樓,02-55740079,25.0429683,121.5113287
202,中正區,幸福里,台灣華山開心協會,社區照顧關懷據點 4-5時段,臺北市中正區幸福里忠孝東路1段150號2樓,02-23278616,25.0452974,121.5216527
203,中正區,忠勤里,社團法人臺北市臻估祥社會服務協會,社區照顧關懷據點 10個時段,臺北市中正區忠勤里中華路2段315巷14、16、18 號,02-23036281,25.028344,121.5069829
204,中正區,東門里,臺北市開南高級中等學校,社區照顧關懷據點 樂齡學堂,臺北市中正區東門里濟南路1段6號,02-23278441,25.0431999,121.5204394
205,中正區,林興里,臺北市中正區新林興社區發展協會,社區照顧關懷據點 4-5時段,臺北市中正區林興里汀州路3段27巷16號/水源路臨 28號/汀州路3段2號,0932-235425,25.0196889,121.527328
206,中正區,南門里,臺北市中正區南門里辦公處,社區照顧關懷據點 4-5時段,臺北市中正區南門里博愛路163號,0978-865752,25.0349961,121.511004
207,中正區,南福里,社團法人中華民國愛之語全人關懷教 育協會中正據點,社區照顧關懷據點 4-5時段,臺北市中正區南福里羅斯福路2段44號2樓,02-23215690,25.0279578,121.5214365
208,中正區,南福里,財團法人臺北市松年長春社會福利基 金會(中正),社區照顧關懷據點 8-9時段,臺北市中正區南福里羅斯福路1段94、96號11樓(中 央教會),0932-862740,25.0241961,121.5248845
209,中正區,建國里,中華民國紅十字會臺灣省分會(臺北 市中正老人服務暨日間照顧中心),社區照顧關懷據點 功能型(老服中心),臺北市中正區建國里貴陽街1段60號,02-23814571#106,25.0389013,121.5065606
210,中正區,梅花里,臺北市廣西同鄉會,社區照顧關懷據點 6-7時段,臺北市中正區梅花里忠孝東路1段35號7樓,0936-227747,25.0452974,121.5216527
211,中正區,頂東里,台灣旺齡協會,社區照顧關懷據點 10個時段,臺北市中正區頂東里羅斯福路3段84巷13、15號1樓,02-2368-0690,25.0216107,121.5268154
212,中正區,新營里,臺北市中正區新營共好社區發展協會,社區照顧關懷據點 4-5時段,臺北市中正區新營里金華街20號,0978-865756,25.0316513,121.5204356
213,中正區,網溪里,臺北市中正區網溪社區發展協會,社區照顧關懷據點 4-5時段,臺北市中正區網溪里廈門街113巷12之1號1樓,0930-257567,25.023294,121.5193769
214,中正區,黎明里,社團法人中華婦女聯合會,社區照顧關懷據點 4-5時段,臺北市中正區黎明里館前路6號12樓之2/光復里寶 慶路32-1號B1,0907-828668,25.0460588,121.5148618
215,中正區,螢圃里,財團法人中華基督教廈門街浸信會,社區照顧關懷據點 8-9時段,臺北市中正區螢圃里廈門街81巷20號,02-23687582#213,25.0243156,121.5192916
216,中正區,螢雪里,財團法人采苑藝術文教基金會,社區照顧關懷據點 4-5時段,臺北市中正區螢雪里詔安街29號(螢橋國小新大樓2 樓),02-23018400,25.0251379,121.5143526
217,中正區,龍光里,台北市愛羊全人關懷協會,社區照顧關懷據點 6-7時段,臺北市中正區龍光里和平西路2段15號1樓/17號2 樓,02-23048578,25.0282933,121.5138713
218,中正區,龍興里,臺北市中正區欣龍興社區發展協會,社區照顧關懷據點 4-5時段,臺北市中正區龍興里三元街131號4樓,0917-522883,25.0283,121.511
219,內湖區,大湖里,臺北市內湖區大湖國民小學,社區照顧關懷據點 樂齡學堂,臺北市內湖區大湖里大湖山莊街170號,02-27915870#610,25.0875537,121.6011295
220,內湖區,五分里,財團法人福智慈善基金會(東湖據點),社區照顧關懷據點 8-9時段,臺北市內湖區五分里東湖路106巷2號.6號.8號1樓,0933-922709,25.068302,121.6154551
221,內湖區,內湖里,財團法人福智慈善基金會(內湖據點),社區照顧關懷據點 8-9時段,臺北市內湖區內湖里內湖路2段486、488號3樓,02-27963275,25.0843044,121.5933473
222,內湖區,內湖里,臺北市內湖區碧湖國民小學,社區照顧關懷據點 樂齡學堂,臺北市內湖區內湖里金龍路100號,02-27907161#164,25.0841216,121.5914025
223,內湖區,石潭里,臺北市內湖區石潭社區發展協會,社區照顧關懷據點 6-7時段,臺北市內湖區石潭里成功路2段1號,0929-571110,25.0620782,121.5910579
224,內湖區,石潭里,社團法人社區大學全國促進會,社區照顧關懷據點 6-7時段,臺北市內湖區石潭里新明路22號純美樓3樓,02-66050919#215,25.0603327,121.5905378
225,內湖區,安泰里,臺北市內湖區安泰里社區發展協會,社區照顧關懷據點 8-9時段,臺北市內湖區安泰里安泰街65巷5號1樓,0917-979715,25.0749478,121.6171464
226,內湖區,西康里,臺北市內湖區文湖國民小學,社區照顧關懷據點 樂齡學堂,臺北市內湖區西康里文湖街15號,02-26583515#6400,25.0858788,121.5595814
227,內湖區,西湖里,財團法人基督教救世軍(內湖隊),社區照顧關懷據點 6-7時段,臺北市內湖區西湖里9鄰內湖路1段285巷63弄7號,0972-272756,25.083938,121.5670711
228,內湖區,東湖里,社團法人中華民國香柏樹長者社區關 懷協會(內湖老人服務中心),社區照顧關懷據點 2-3時段,臺北市內湖區東湖里康樂街110巷16弄20號5樓、6 樓,02-26325560 #14,25.0704268,121.6183878
229,內湖區,金湖里,康寧學校財團法人康寧大學,社區照顧關懷據點 6-7時段,臺北市內湖區金湖里康寧路3段75巷137號,02-26321181分機683,25.0754813,121.6095569
230,內湖區,金瑞里,臺北市內湖區碧湖社區發展協會(金 瑞 據點),社區照顧關懷據點 4-5時段,臺北市內湖區金瑞里內湖路3段348巷6號(延平宮),0935-245293,25.091276,121.5833733
231,內湖區,金龍里,臺北市內湖區碧湖社區發展協會,社區照顧關懷據點 6-7時段,臺北市內湖區金龍里金龍路136-1號2樓,0935-190396,25.0857648,121.590059
232,內湖區,康寧里,財團法人基督教中國佈道會,社區照顧關懷據點 6-7時段,臺北市內湖區康寧里康寧路3段99巷39弄66號,0920-432363,25.0742611,121.6106047
233,內湖區,清白里,臺北市內湖區清白里辦公處,社區照顧關懷據點 2-3時段,臺北市內湖區清白里星雲街161巷3號1樓,02-27919637,25.0811515,121.596101
234,內湖區,清白里,臺北市內湖區清白社區發展協會,社區照顧關懷據點 8-9時段,臺北市內湖區清白里星雲街168巷29號1樓/臺北市 內湖區清白里星雲街161巷3號(清白區民活動中心),0988-117571,25.0811491,121.596101
235,內湖區,港都里,社團法人臺北市麗山社區關懷協會,社區照顧關懷據點 8-9時段,臺北市內湖區港都里麗山街348巷22號1-2樓及24號 2樓,0921-057599,25.081954,121.5742339
236,內湖區,港富里,臺北市內湖區港富里辦公處,社區照顧關懷據點 4-5時段,臺北市內湖區港富里麗山街47號,0932-018939,25.0808877,121.5806316
237,內湖區,港墘里,財團法人台灣基督教恩惠福音會,社區照顧關懷據點 10個時段,臺北市內湖區港墘里內湖路1段608號,02-27971000,25.0823089,121.5683655
238,內湖區,港墘里,台北市內湖紳士協會,社區照顧關懷據點 8-9時段,臺北市內湖區港墘里內湖路1段552號(港墘區民活動 中心),0918-819089,25.0787637,121.577007
239,內湖區,湖元里,財團法人台北市基督教台灣貴格會 (忠湖教會),社區照顧關懷據點 2-3時段,臺北市內湖區湖元里民權東路6段56巷5弄8號1樓,02-27923347,25.0647496,121.5730693
240,內湖區,湖興里,中華民國天使之家全人關懷協會,社區照顧關懷據點 10個時段,臺北市內湖區湖興里成功路2段242號1樓,0920-325521,25.065888,121.5900616
241,內湖區,湖興里,臺北市內湖區湖興里辦公處,社區照顧關懷據點 8-9時段,臺北市內湖區湖興里成功路2段320巷19號3樓,02-27914586,25.0676901,121.5899871
242,內湖區,湖濱里,臺北市內湖區湖濱里辦公處,社區照顧關懷據點 4-5時段,臺北市內湖區湖濱里內湖路2段346號1樓,02-27906289,25.0818588,121.5899931
243,內湖區,紫星里,財團法人基督教台灣信義會(內湖思 恩堂),社區照顧關懷據點 8-9時段,臺北市內湖區紫星里康寧路1段62號,0936-649973,25.0757493,121.6094778
244,內湖區,紫雲里,臺北市內湖區紫雲社區發展協會,社區照顧關懷據點 6-7時段,臺北市內湖區紫雲里康寧路1段228號1樓,02-27913337 0933-405308,25.0757493,121.6094778
245,內湖區,週美里,臺北市內湖區週美里辦公處,社區照顧關懷據點 4-5時段,臺北市內湖區週美里南京東路6段330巷18弄12號1 樓,0921-140488,25.0610146,121.5871576
246,內湖區,瑞陽里,財團法人台北市基督教台灣貴格會內 湖慈光堂,社區照顧關懷據點 4-5時段,臺北市內湖區瑞陽里文德路66巷49弄5號,0933-028939,25.0772459,121.5820736
247,內湖區,碧山里,財團法人台福基督教會,社區照顧關懷據點 4-5時段,臺北市內湖區碧山里內湖路3段143巷7號1樓,02-87928125,25.0871243,121.5896464
248,內湖區,寶湖里,臺北市內湖社區安全與健康協進會,社區照顧關懷據點 6-7時段,臺北市內湖區寶湖里民權東路6段208號,0928-598601,25.0668288,121.5965738
249,內湖區,寶湖里,臺北市內湖區灣仔社區發展協會,社區照顧關懷據點 8-9時段,臺北市內湖區寶湖里民權東路6段208號6樓(臺北市 網球中心6樓),0961-365388,25.0675708,121.596956
250,文山區,木柵里,臺北市文山區木柵國民小學,社區照顧關懷據點 樂齡學堂,臺北市文山區木柵里木柵路3段191號,02-29391234#653,24.9926024,121.5669693
251,文山區,木新里,財團法人利伯他茲教育基金會,社區照顧關懷據點 10個時段,臺北市文山區木新里永安街1號,02-29394359,24.9874482,121.5702677
252,文山區,木新里,財團法人臺北市松年長春社會福利基 金會(開元),社區照顧關懷據點 6-7時段,臺北市文山區木新里開元街25、27號,02-29393480,24.9891607,121.5697605
253,文山區,忠順里,臺北市文山區忠順社區發展協會,社區照顧關懷據點 10個時段,臺北市文山區忠順里興隆路4段145巷9弄3號;興隆 路4段145巷30號;忠順街2段22號2樓,0953-229598,24.9852731,121.5620053
254,文山區,明義里,中華民國紅心字會(興隆),社區照顧關懷據點 10個時段,臺北市文山區明義里興隆路4段105巷47號B棟1樓,02-29367119,24.9881877,121.5629351
255,文山區,明義里,臺北市文山區明道國民小學,社區照顧關懷據點 樂齡學堂,臺北市文山區明義里木柵路二段138巷61號,02-2939-2821#140,24.9873763,121.5627635
256,文山區,明興里,社團法人台北市文山區明興社區發展 協會,社區照顧關懷據點 10個時段,臺北市文山區明興里木柵路2段109巷25弄6號;興 隆路4段61號,0917-556568,24.990145,121.562851
257,文山區,指南里,臺北市文山區指南里辦公處,社區照顧關懷據點 2-3時段,臺北市文山區指南里指南路3段33巷34號;指南路3 段12號,02-22342099,24.9844629,121.5804241
258,文山區,政大里,臺北市文山區政大里辦公處,社區照顧關懷據點 2-3時段,臺北市文山區政大里政大二街51號,0975-586970,24.9868658,121.5834222
259,文山區,景仁里,臺北市文山區景人社區發展協會,社區照顧關懷據點 8-9時段,臺北市文山區景仁里景福街5號1樓,0937-939606,24.9993672,121.5392681
260,文山區,景行里,財團法人新北市私立天道總會社會福 利慈善事業基金會,社區照顧關懷據點 4-5時段,臺北市文山區景行里景中街30巷12號4樓之7,0958-958918,24.9921961,121.5422633
261,文山區,景東里,臺北市文山區景東里辦公處,社區照顧關懷據點 4-5時段,臺北市文山區景東里景興路153巷1號1樓,0932-308802,24.9937915,121.5449911
262,文山區,景美里,財團法人佳醫健康基金會,社區照顧關懷據點 4-5時段,臺北市文山區景美里羅斯福路6段336號(滬江高中信 義樓102教室),0984-367171,24.9894519,121.5389166
263,文山區,景華里,台灣迦美福音傳播協會,社區照顧關懷據點 6-7時段,臺北市文山區景華里三福街74巷2號1樓,0932-209329 0939-910698,24.9976063,121.5443476
264,文山區,景華里,財團法人臺北市松年長春社會福利基 金會(景華),社區照顧關懷據點 6-7時段,臺北市文山區景華里景華街49巷1號,02-25000261,24.9952774,121.5427611
265,文山區,景慶里,台北市文山區景慶社區發展協會,社區照顧關懷據點 8-9時段,臺北市文山區景慶里景福街159號,0922-313747,24.995373,121.536782
266,文山區,景慶里,台北市視尾關懷互助協會,社區照顧關懷據點 8-9時段,臺北市文山區景慶里萬慶街6號;臺北市文山區景福 街281號;臺北市文山區羅斯福路6段393號6~9樓,02-89351788,24.9922808,121.540284
267,文山區,華興里,臺北市文山區華興里辦公處,社區照顧關懷據點 8-9時段,臺北市文山區華興里木柵路1段264號;木柵路1段 311巷1號;木柵路2段2巷,0905-991580,25.0250117,121.5450092
268,文山區,順興里,台北市文山區順興社區發展協會,社區照顧關懷據點 10個時段,臺北市文山區順興里興隆路4段165巷12號1、2樓 (協會活動會所);忠順街2段22號2樓(忠順區民活),0935-859237,24.9840629,121.5626204
269,文山區,順興里,臺北市文山區順興里辦公處,社區照顧關懷據點 8-9時段,臺北市文山區順興里保儀路138巷28號2樓;忠順街 2段22號2樓(忠順區活)、中崙路13號(忠順廟),0934-143675,24.984471,121.5655202
270,文山區,萬年里,臺北市文山區萬年社區發展協會,社區照顧關懷據點 2-3時段,臺北市文山區萬年里羅斯福路5段150巷35號1樓,0921-923357,25.0063887,121.538108
271,文山區,萬年里,臺北市文山區萬福國民小學,社區照顧關懷據點 樂齡學堂,臺北市文山區萬年里羅斯福路5段170巷32號,02-29353123#151,25.0054946,121.5368219
272,文山區,萬有里,社團法人臺北市文山區三福社區發展 協會,社區照顧關懷據點 4-5時段,臺北市文山區萬有里興隆路1段238之1號1樓,0988-622378,24.999017,121.5453128
273,文山區,萬和里,臺北市文山區萬和社區發展協會,社區照顧關懷據點 6-7時段,臺北市文山區萬和里汀州路4段251號1樓、253號1 樓;萬福區民活動中心,02-89310117,25.0019951,121.5359097
274,文山區,萬芳里,社團法人台北市基督教萬芳浸信會,社區照顧關懷據點 6-7時段,臺北市文山區萬芳里萬美街1段19巷5號、5-1號,0989-549622,25.0011361,121.5662678
275,文山區,萬美里,臺北市文山區萬美里辦公處,社區照顧關懷據點 4-5時段,臺北市文山區萬美里萬美街2段2巷6號1樓;萬和街 2號(萬芳4號公園教室),0972-246039,25.00309,121.5622107
276,文山區,萬美里,臺北市文山區萬芳國民小學,社區照顧關懷據點 樂齡學堂,臺北市文山區萬美里萬和街1號,02-22301232#841,25.0009543,121.5675687
277,文山區,萬盛里,臺北市文山區萬盛里辦公處,社區照顧關懷據點 2-3時段,臺北市文山區萬盛里興隆路1段15號3樓,0972-246012,25.0041559,121.5391666
278,文山區,萬祥里,臺北市文山區武功國民小學,社區照顧關懷據點 樂齡學堂,臺北市文山區萬祥里興隆路1段68號,02-29314360#20,25.0041559,121.5391666
279,文山區,萬隆里,臺北市文山區萬龍社區發展協會,社區照顧關懷據點 2-3時段,臺北市文山區萬隆里萬隆街27號1樓,02-29345047,25.0002637,121.5379606
280,文山區,萬興里,台灣美滿家庭社區服務協會,社區照顧關懷據點 6-7時段,臺北市文山區萬興里指南路2段11號,0963-328599,24.9884429,121.5734331
281,文山區,萬興里,臺北市私立大誠高級中學,社區照顧關懷據點 樂齡學堂,臺北市文山區秀明路2段175號,02-22348989#63,24.9909953,121.5785568
282,文山區,試院里,臺北市文山區試院里辦公處,社區照顧關懷據點 2-3時段,臺北市文山區試院里和興路88號2樓,02-29365522#248,24.9850552,121.5493036
283,文山區,樟新里,臺北市文山區樟新社區發展協會,社區照顧關懷據點 6-7時段,臺北市文山區樟新里一壽街22號9樓,0972-246023,24.9796917,121.5564657
284,文山區,樟新里,社團法人中華民國香柏樹長者社區關 懷協會(樟新),社區照顧關懷據點 6-7時段,臺北市文山區樟新里實踐段三小段789地號,0905-156910,24.982055,121.5618619
285,文山區,樟腳里,臺北市文山區樟林社區發展協會,社區照顧關懷據點 8-9時段,臺北市文山區樟腳里恆光街45號7樓和8樓,0911-183802,24.9824335,121.5673037
286,文山區,興光里,臺北市文山區興華國民小學,社區照顧關懷據點 樂齡學堂,臺北市文山區興光里興隆路3段125巷6號,0936-694012,24.9999602,121.5592917
287,文山區,興安里,社團法人中華恆動能健康促進協會 (興安),社區照顧關懷據點 4-5時段,臺北市文山區興安里興隆路2段88之2號1樓、5樓 (5F興安區民活動中心、5F文山婦女支持培力中心),02-22393070#143,25.000355,121.5490035
288,文山區,興安里,臺北市文山老人服務暨日間照顧中心 (財團法人恆安社會福利慈善事業基 金會),社區照顧關懷據點 6-7時段,臺北市文山區興安里興隆路2段88之3號1樓,02-22344893,24.9998821,121.548717
289,文山區,興邦里,臺北市文山區興邦里辦公處,社區照顧關懷據點 2-3時段,臺北市文山區興邦里興隆路2段203巷2弄10號1樓,0975-586972,25.0013345,121.5498781
290,文山區,興邦里,社團法人臺北市文山區德芳社區發展 協會,社區照顧關懷據點 6-7時段,臺北市文山區興邦里興隆路2段153巷6弄5號1樓; 興隆路2段97號4樓,0952-572176,25.0012313,121.5480853
291,文山區,興邦里,臺北市文山區興德國民小學,社區照顧關懷據點 樂齡學堂,臺北市文山區興邦里興隆路2段235號,02-29329431#15,25.0017376,121.5507474
292,文山區,興旺里,臺北市文山區興旺社區發展協會,社區照顧關懷據點 6-7時段,臺北市文山區興旺里福興路5號,0936-048808,25.0022154,121.5513837
293,文山區,興旺里,臺北市立興福國民中學,社區照顧關懷據點 樂齡學堂,臺北市文山區興旺里福興路80號,02-29322024#511,25.0049411,121.5499429
294,文山區,興昌里,臺北市文山區興昌里辦公處,社區照顧關懷據點 4-5時段,臺北市文山區興昌里辛亥路4段199號,0960-604305,25.0026702,121.5557711
295,文山區,興家里,財團法人基督教台灣信義會(家家歌 珊堂),社區照顧關懷據點 4-5時段,臺北市文山區興家里興隆路3段207巷6弄8號,02-22308169#12,24.9947931,121.5600352
296,文山區,興得里,臺北市文山區興得里辦公處,社區照顧關懷據點 4-5時段,臺北市文山區興得里興隆路3段222號(1樓廣場及 4-5樓社區教室),0905-596939,24.9969391,121.559373
297,文山區,興業里,臺北市文山區興業里辦公處,社區照顧關懷據點 2-3時段,臺北市文山區興業里興隆路2段160號10樓,0938-307588,25.0015727,121.5514273
298,文山區,興業里,臺北市向榮社福協進會,社區照顧關懷據點 4-5時段,臺北市文山區興業里興隆路2段160號10樓,0931-041002,25.0015727,121.5514273
299,文山區,興業里,社團法人中華民國沐光家園癌友關懷 協會,社區照顧關懷據點 8-9時段,臺北市文山區興業里興隆路2段220巷51-1號,0922-323338,24.9996658,121.5520065
300,文山區,興福里,臺北市文山區興福里辦公處,社區照顧關懷據點 4-5時段,臺北市文山區興福里景華街121巷7弄1號,0939-159495,24.996212,121.5467867
301,北投區,八仙里,臺北市北投區八仙里辦公處,社區照顧關懷據點 2-3時段,臺北市北投區八仙里北投路1段臨30號、臺北市北投 區八仙里北投路1段臨20號(西安橋南側室外空地),02-28912105#234,25.1229695,121.5014998
302,北投區,大屯里,臺北市北投區大屯里辦公處,社區照顧關懷據點 2-3時段,臺北市北投區大屯里復興三路521巷18號,0985-325333,25.1597909,121.4996507
303,北投區,大同里,臺北市北投區大同里辦公處,社區照顧關懷據點 4-5時段,臺北市北投區大同里大同街135號,0928-965371,25.135,121.498575
304,北投區,大同里,臺北市北投區新大同社區發展協會,社區照顧關懷據點 4-5時段,臺北市北投區大同里育仁路57號,0922-495528,25.1336597,121.4980855
305,北投區,中心里,社團法人中華仁親社區關懷協會(北 投好厝邊),社區照顧關懷據點 6-7時段,臺北市北投區中心里大業路721號1樓,0933-057832,25.1373166,121.5021377
306,北投區,中心里,臺北市北投區逸仙國民小學,社區照顧關懷據點 樂齡學堂,台北市北投區中心里新民路2號,02-28914537#153,25.1378856,121.5054173
307,北投區,中庸里,台北市愛肯關懷協會,社區照顧關懷據點 4-5時段,臺北市北投區中庸里雙全街19巷4號1樓,0928-086802,25.1385428,121.5012016
308,北投區,中庸里,台北市北投青溪協會,社區照顧關懷據點 4-5時段,臺北市北投區中庸里珠海路2-1號,02-28922200,25.137583,121.501632
309,北投區,文化里,臺北市北投區文化里辦公處,社區照顧關懷據點 2-3時段,臺北市北投區文化里文化三路48號1樓,02-28912105,25.1385248,121.4980671
310,北投區,文化里,臺北市北投區硫磺谷社區發展協會,社區照顧關懷據點 6-7時段,臺北市北投區稻香里稻香路81號6樓(稻香區民活動 中心)及臺北市北投區文化里文化三路48號1樓(文化 里),0910-412056,25.1409183,121.4893742
311,北投區,文林里,臺北市北投區文林里辦公處,社區照顧關懷據點 4-5時段,臺北市北投區文林里致遠一路1段9號;致遠一路1段 10巷8號1樓(H66教會),02-28231156,25.1075163,121.5176127
312,北投區,永和里,臺北市北投區幸福永和社區發展協會,社區照顧關懷據點 6-7時段,臺北市北投區永和里行義路63號,0928-868298,25.1262348,121.5279581
313,北投區,永和里,臺北市北投區永和社區發展協會,社區照顧關懷據點 6-7時段,臺北市北投區永和里行義路138-1號1樓,0910-069290,25.129609,121.528045
314,北投區,永明里,台北市石牌長青會(永明里),社區照顧關懷據點 4-5時段,臺北市北投區永明里義理街65號1樓,02-28922000 0901-276276,25.1174104,121.5156847
315,北投區,石牌里,臺北市北投區我愛石牌社區發展協會,社區照顧關懷據點 6-7時段,臺北市北投區石牌里建民路116巷13號,0921-895893,25.109843,121.517891
316,北投區,石牌里,臺北市北投區新石牌社區發展協會,社區照顧關懷據點 8-9時段,臺北市北投區石牌里自強街120巷15弄8號,0919-252656,25.1103163,121.5162782
317,北投區,立農里,社團法人台灣守護有祢生命關懷協會 (守護八禱小站),社區照顧關懷據點 4-5時段,臺北市北投區立農里吉利街231號1樓,0983-108777,25.1190201,121.509483
318,北投區,立農里,臺北市北投區立農國民小學,社區照顧關懷據點 樂齡學堂,臺北市北投區立農里立農街1段250號,02-28210702#502,25.1200209,121.5048034
319,北投區,立賢里,臺北市北投區立群社區發展協會,社區照顧關懷據點 8-9時段,臺北市北投區立賢里尊賢街251巷18號1樓(里民活 動場所),02-28225613,25.1177274,121.5055735
320,北投區,吉利里,臺北市北投區吉利里辦公處,社區照顧關懷據點 2-3時段,臺北市北投區吉利里石牌路1段39巷100號1樓及5樓 (臺北市北投運動中心),0928-965310,25.1165006,121.5098316
321,北投區,吉利里,社團法人國際奔享體驗教育發展協會 (吉利真光),社區照顧關懷據點 8-9時段,臺北市北投區吉利里石牌路1段39巷80弄41號1樓,02-28288884,25.1133685,121.510814
322,北投區,吉利里,臺北市北投區石牌國民小學,社區照顧關懷據點 樂齡學堂,臺北市北投區吉利里致遠二路80號,02-28227484#553,25.1156862,121.5117748
323,北投區,吉慶里,社團法人國際奔享體驗教育發展協會 (新白石),社區照顧關懷據點 4-5時段,臺北市北投區吉慶里實踐街48巷3號1樓,02-28288884,25.1149642,121.5092088
324,北投區,吉慶里,社團法人台北市北投區吉慶社區發展 協會,社區照顧關懷據點 6-7時段,臺北市北投區吉慶里致遠二路61巷2-2號1、2樓,02-28282002,25.1149658,121.5114263
325,北投區,秀山里,臺北市北投區秀山社區發展協會,社區照顧關懷據點 4-5時段,臺北市北投區秀山里中和街502巷2弄11號1樓,0933-856288,25.1456211,121.4948349
326,北投區,奇岩里,北投老人服務中心(臺北市政府委託 社團法人中華民國士林靈糧堂社會福 利協會經營管理),社區照顧關懷據點 功能型(老服中心),臺北市北投區奇岩里三合街1段119號6樓,02-28930572,25.1272873,121.5066023
327,北投區,林泉里,財團法人台北市北投文化基金會,社區照顧關懷據點 6-7時段,臺北市北投區林泉里中山路5-12號,02-28917453,25.1377692,121.5089248
328,北投區,長安里,台北市石牌長青會,社區照顧關懷據點 10個時段,臺北市北投區長安里中央北路1段12號3樓及4樓,02-28922200,25.1328975,121.475307
329,北投區,建民里,臺北市北投區建民里辦公處,社區照顧關懷據點 4-5時段,臺北市北投區建民里文林北路36號,0906-905025,25.1047321,121.5188032
330,北投區,建民里,台北市北投青溪協會(建民里),社區照顧關懷據點 4-5時段,臺北市北投區建民里文林北路80巷38弄2號1樓,02-28922200,25.1057028,121.518841
331,北投區,泉源里,台北市北投區泉源社區發展協會,社區照顧關懷據點 2-3時段,臺北市北投區泉源里東昇路45之5號;東昇路12巷 2-12號1.2樓,0920-883960,25.1462018,121.5229085
332,北投區,泉源里,臺北市北投區泉源里辦公處,社區照顧關懷據點 4-5時段,臺北市北投區泉源里東昇路80號旁,0928-965556,25.1554824,121.529373
333,北投區,洲美里,社團法人中華健康美好生活協會(洲 美),社區照顧關懷據點 6-7時段,臺北市北投區洲美里福美路207號,0910-302055,25.1002936,121.5050509
334,北投區,振華里,臺北市北投區振華社區發展協會,社區照顧關懷據點 6-7時段,臺北市北投區振華里裕民一路40巷37號1樓,02-28236110,25.1152229,121.517753
335,北投區,桃源里,臺北市北投區桃源里辦公處,社區照顧關懷據點 2-3時段,臺北市北投區桃源里中央北路3段40巷7號,0928-965521,25.1386786,121.4858238
336,北投區,清江里,臺北市北投區清江社區發展協會,社區照顧關懷據點 8-9時段,臺北市北投區清江里清江路201號，清江路218號 1、2樓,02-28922543,25.127206,121.5017293
337,北投區,尊賢里,社團法人台北市北投區尊賢社區發展 協會,社區照顧關懷據點 4-5時段,臺北市北投區尊賢里尊賢街302巷19號1樓,0927-955059,25.1181539,121.507691
338,北投區,智仁里,臺北市北投區智仁里辦公處,社區照顧關懷據點 2-3時段,臺北市北投區智仁里杏林二路74巷3號,0928-965393,25.142925,121.495911
339,北投區,湖山里,臺北市北投區湖山里辦公處,社區照顧關懷據點 2-3時段,臺北市北投區湖山里紗帽路128號(中山新村),0932-923070,25.1511939,121.5468823
340,北投區,開明里,臺北市北投區開明社區發展協會,社區照顧關懷據點 4-5時段,臺北市北投區開明里永興路2段8號,0912-818252,25.134963,121.504925
341,北投區,溫泉里,社團法人台灣多元社會福利協會(溫 馨園),社區照顧關懷據點 8-9時段,臺北市北投區溫泉里溫泉路68-10號,02-28927001,25.134963,121.504925
342,北投區,裕民里,社團法人台灣愛喜樂關懷協會,社區照顧關懷據點 6-7時段,臺北市北投區裕民里明德路161號1樓及地下2樓方 舟教室,02-28224466,25.1114677,121.5206635
343,北投區,榮光里,臺北市北投區榮光社區發展協會,社區照顧關懷據點 6-7時段,臺北市北投區榮光里石牌路1段166巷43弄15號,0910-911378,25.1133685,121.510814
344,北投區,榮華里,台北市石牌全人關懷協會,社區照顧關懷據點 6-7時段,臺北市北投區榮華里明德路281號1樓、臺北市北投 區榮華里明德路283號2樓,0956-728508,25.1150161,121.5221883
345,北投區,榮華里,臺北市北投區明德國民小學,社區照顧關懷據點 樂齡學堂,臺北市北投區榮華里明德路190號,02-28229651#1403,25.1123077,121.5219348
346,北投區,福興里,台北市北投區福興社區發展協會,社區照顧關懷據點 6-7時段,臺北市北投區福興里自強街5巷22號,0955-404968,25.1104864,121.5124209
347,北投區,稻香里,社團法人國際奔享體驗教育發展協會 (稻香真光),社區照顧關懷據點 10個時段,臺北市北投區稻香里稻香路85號1樓,02-28288884,25.1409522,121.4888625
348,北投區,稻香里,臺北市北投區新稻香社區發展協會,社區照顧關懷據點 2-3時段,臺北市北投區稻香里稻香路81號6樓(稻香區民活動 中心-大會場),0989-089138,25.1409183,121.4893742
349,北投區,稻香里,社團法人台灣守護有祢生命關懷協會 (守護復興崗小站),社區照顧關懷據點 4-5時段,臺北市北投區稻香里稻香路81號6樓(第一教室),0983-108777,25.1409231,121.4892943
350,北投區,豐年里,臺北市北投區豐年里辦公處,社區照顧關懷據點 2-3時段,臺北市北投區豐年里中央北路2段95巷1弄1號1樓,0928-965509,25.1364918,121.4953081
351,北投區,豐年里,台灣運動健康科學學會,社區照顧關懷據點 4-5時段,臺北市北投區豐年里大業路527巷33號2樓,02-28922200,25.137377,121.4911964
352,北投區,關渡里,財團法人基督教拿撒勒人會(關渡據 點),社區照顧關懷據點 4-5時段,臺北市北投區關渡里知行路260巷26號,0975-661071,25.1208389,121.4683428
353,北投區,關渡里,臺北市樂活關渡健康促進協會,社區照顧關懷據點 功能型(老服中心),台北市北投區關渡里知行路212號(關渡國中5樓教 室),02-28587000#6000,25.1198994,121.4671378
354,松山區,三民里,財團法人台北市民生社區基督教會,社區照顧關懷據點 4-5時段,臺北市松山區三民里民生東路5段138巷3號3樓之7,0901-355104,25.059321,121.562048
355,松山區,中正里,臺北市松山區中正里辦公處,社區照顧關懷據點 6-7時段,臺北市松山區中正里長安東路2段229號12樓,0937-031518,25.0483776,121.5274187
356,松山區,中華里,社團法人台灣頌恩活力協會,社區照顧關懷據點 4-5時段,臺北市松山區中華里敦化北路145巷30號1樓,02-87122215,25.0539137,121.5520339
357,松山區,民福里,財團法人弘道老人福利基金會(松山),社區照顧關懷據點 6-7時段,臺北市松山區民福里復興北路451號1樓,02-66131314,25.0639844,121.544483
358,松山區,吉仁里,社團法人台北市銀髮族協會(吉仁),社區照顧關懷據點 2-3時段,臺北市松山區吉仁里八德路3段76號3樓之1,0958-526511,25.0478728,121.5527439
359,松山區,吉祥里,財團法人中華民國佛教慈濟慈善事業 基金會(松山聯絡處),社區照顧關懷據點 4-5時段,臺北市松山區吉祥里008鄰南京東路5段188號16樓,02-82281628分機56,25.0518277,121.5574266
360,松山區,安平里,財團法人中華基督教衛理公會恩友堂,社區照顧關懷據點 6-7時段,臺北市松山區安平里寶清街123號,02-27670760,25.0541612,121.5675772
361,松山區,安平里,社團法人台北市銀髮族協會(松山),社區照顧關懷據點 6-7時段,臺北市松山區安平里寶清街42號1樓、2樓,0958-526511,25.0531716,121.5676076
362,松山區,安平里,臺北市松山區安平社區發展協會,社區照顧關懷據點 6-7時段,臺北市松山區安平里寶清街42號1樓、2樓,02-87806411,25.0531716,121.5676076
363,松山區,自強里,社團法人中國老人教育協會,社區照顧關懷據點 8-9時段,臺北市松山區自強里三民路35巷9號1、2樓(一樓活 動中心，二樓健安新城),02-27565010,25.0551954,121.5624655
364,松山區,自強里,社團法人台北市長期照護發展協會,社區照顧關懷據點 8-9時段,臺北市松山區自強里三民路35巷9號1樓,02-27420058,25.0551954,121.5624655
365,松山區,東光里,世界潘氏宗親總會,社區照顧關懷據點 4-5時段,臺北市松山區東光里南京東路5段29之3號3樓,02-27678497,25.0518277,121.5574266
366,松山區,東勢里,社團法人台北市向日葵慈善協會,社區照顧關懷據點 10個時段,臺北市松山區東勢里南京東路4段133巷7弄9號1 樓、7號1樓,02-87706501#22,25.0518,121.5553991
367,松山區,東勢里,臺北市松山區東勢里辦公處,社區照顧關懷據點 6-7時段,臺北市松山區東勢里南京東路4段133巷8弄17號,0988-179575,25.0513931,121.5546859
368,松山區,東勢里,社團法人台北市光鹽關懷發展協會,社區照顧關懷據點 6-7時段,臺北市松山區東勢里南京東路4段107號12樓,02-27123242,25.0518739,121.5546651
369,松山區,東榮里,臺北市松山區松榮社區發展協會,社區照顧關懷據點 4-5時段,臺北市松山區東榮里民生東路5段69巷3號1樓,0928-107976,25.0596389,121.558347
370,松山區,東榮里,社團法人台北市二村基石關懷協會,社區照顧關懷據點 8-9時段,臺北市松山區東榮里民生東路5段69巷2弄10號、12 號,02-27632002,25.0597046,121.5584521
371,松山區,松基里,臺北市松山區松基里辦公處,社區照顧關懷據點 4-5時段,臺北市松山區松基里長春路339巷2號B1,0988-179579,25.0552103,121.5452241
372,松山區,美仁里,臺北市體適能指導工作人員職業工會,社區照顧關懷據點 4-5時段,臺北市松山區美仁里敦化北路3號(舞蹈教室),02-28922200,25.0496452,121.5524318
373,松山區,美仁里,私立育達高級中等學校,社區照顧關懷據點 樂齡學堂,臺北市松山區寧安街12號,02-25706767#209,25.0497295,121.5541936
374,松山區,莊敬里,社團法人愛樂福關懷文創發展協會,社區照顧關懷據點 6-7時段,臺北市松山區莊敬里撫遠街367巷4號1樓,0972-866848,25.0638126,121.5661322
375,松山區,富錦里,中華樂活推廣協會,社區照顧關懷據點 4-5時段,臺北市松山區富錦里三民路136巷3號1樓,0937-073980,25.0606379,121.563667
376,松山區,復建里,臺北市松山區建源社區發展協會,社區照顧關懷據點 6-7時段,臺北市松山區復建里八德路3段158巷7弄20號(復建 區民活動中心)、八德路3段158巷7弄47號,02-25791689,25.0473377,121.5560781
377,松山區,復盛里,臺北市松山區復盛里辦公處,社區照顧關懷據點 2-3時段,臺北市松山區復盛里市民大道5段99-2號 99-4號,02-87878787轉846,25.0477764,121.5613993
378,松山區,復勢里,財團法人伊甸社會福利基金會,社區照顧關懷據點 6-7時段,臺北市松山區復勢里八德路3段155巷4弄35號1樓,02-25702560,25.0489529,121.5557307
379,松山區,復勢里,財團法人雙福社會福利慈善事業基金 會(蒙恩),社區照顧關懷據點 6-7時段,臺北市松山區復勢里光復北路112號8樓,0921-962292,25.0508432,121.5576923
380,松山區,復勢里,財團法人台北市私立永年社會福利慈 善基金會,社區照顧關懷據點 6-7時段,臺北市松山區復勢里光復北路80巷1號1樓,02-25786677轉2232,25.0501986,121.5574079
381,松山區,復源里,財團法人台北市基督教美仁浸信會,社區照顧關懷據點 2-3時段,臺北市松山區復源里八德路3段106巷106號,02-25792065,25.0450315,121.5541707
382,松山區,敦化里,台北市松山區敦化社區發展協會,社區照顧關懷據點 4-5時段,臺北市松山區敦化里八德路3段12巷52弄2-1號,0918-060287,25.0463835,121.550358
383,松山區,慈祐里,臺北市松山區慈祐里辦公處,社區照顧關懷據點 6-7時段,臺北市松山區慈祐里八德路4段580號1樓,0988-587216,25.0496853,121.5720034
384,松山區,慈祐里,財團法人臺北市松年長春社會福利基 金會(松山),社區照顧關懷據點 8-9時段,臺北市松山區慈祐里饒河街105號1樓、2樓、3樓,0983-180401,25.0506047,121.573946
385,松山區,慈祐里,臺北市松山區松山國民小學,社區照顧關懷據點 樂齡學堂,臺北市松山區慈祐里八德路4段746號,02-27672907#643,25.0506966,121.5785624
386,松山區,新東里,臺北市松山區新東社區發展協會,社區照顧關懷據點 2-3時段,臺北市松山區新東里延壽街3號1樓,02-27664552,25.0574332,121.5690107
387,松山區,新聚里,臺北市松山區新聚里辦公處,社區照顧關懷據點 4-5時段,臺北市松山區新聚里南京東路5段374號,0988-179585,25.0515465,121.5696021
388,松山區,福成里,財團法人臺安基金會(基督復臨安息 日會松山教會),社區照顧關懷據點 6-7時段,臺北市松山區福成里敦化南路1段78號,02-27716823,25.047036,121.547877
389,松山區,精忠里,臺北市松山區精忠里辦公處,社區照顧關懷據點 4-5時段,臺北市松山區精忠里民生東路4段133號1樓,0935-934403,25.057634,121.5376951
390,松山區,龍田里,臺北市松山區龍田里辦公處,社區照顧關懷據點 2-3時段,臺北市松山區龍田里光復北路230巷21號地下1樓,0988-179571,25.056174,121.5554837
391,松山區,鵬程里,財團法人台灣省私立健順養護中心 (松山老人服務暨日間照顧中心),社區照顧關懷據點 2-3時段,臺北市松山區鵬程里健康路317號1樓,02-27685636,25.0544773,121.5663145
392,信義區,三張里,財團法人台北市基督教全人福利事業 基金會(吳興教會),社區照顧關懷據點 8-9時段,臺北市信義區三張里吳興街269巷18弄4、6、8號,0938-390201,25.0271274,121.5646957
393,信義區,三張里,臺北市信義區吳興國民小學,社區照顧關懷據點 樂齡學堂,臺北市信義區三張里松仁路226號,02-27200226#67,25.025376,121.5678611
394,信義區,三犁里,臺北市信義區三犁里辦公處,社區照顧關懷據點 4-5時段,臺北市信義區三犁里信義路5段150巷14弄6號1樓,0932-784861,25.0284117,121.5694235
395,信義區,大仁里,臺北市信義區老人服務中心(中華民 國紅心字會),社區照顧關懷據點 6-7時段,臺北市信義區大仁里大道路116號5樓之3,02-87870300,25.03777,121.5813853
396,信義區,大道里,臺北市信義區大道里辦公處,社區照顧關懷據點 4-5時段,臺北市信義區大道里忠孝東路5段790巷62弄4號,0933-720485,25.0409747,121.5832672
397,信義區,大道里,臺北市基督教新榮耀堂福音協進會,社區照顧關懷據點 8-9時段,臺北市信義區大道里忠孝東路5段782號,0921-828764,25.0405415,121.566819
398,信義區,中行里,台北市君賀人本關懷協會,社區照顧關懷據點 6-7時段,臺北市信義區中行里福德街221巷15號(瑠公國 中),02-23278616,25.0370894,121.5854371
399,信義區,中行里,臺北市信義區中行里辦公處,社區照顧關懷據點 6-7時段,臺北市信義區中行里福德街268巷32號、臺北市信 義區大仁里大道路116號8樓。,0987-445009,25.039887,121.5857963
400,信義區,中坡里,社團法人台灣厝邊有愛關懷協會(中 坡教會),社區照顧關懷據點 6-7時段,臺北市信義區中坡里大道路127-1號,0909-053076,25.0391641,121.5835872
401,信義區,中坡里,社團法人台北市銀髮族協會(信義),社區照顧關懷據點 8-9時段,臺北市信義區中坡里中坡南路277號1樓,0958-526511,25.0388254,121.5842752
402,信義區,中興里,財團法人台北市中華基督教信義會 (復興堂),社區照顧關懷據點 4-5時段,臺北市信義區中興里信義路4段375號10樓之2,02-27200440,25.033297,121.5577964
403,信義區,中興里,台北市紅十字會,社區照顧關懷據點 8-9時段,臺北市信義區中興里信義路4段415號5樓之3,02-27583009,25.0333496,121.5593845
404,信義區,五全里,臺北市信義區五全里辦公處,社區照顧關懷據點 6-7時段,臺北市信義區五全里永吉路278巷1弄13號1樓,0921-126652,25.0450599,121.5746124
405,信義區,五常里,臺北市信義區五常里辦公處,社區照顧關懷據點 4-5時段,臺北市信義區五常里永吉路187巷6弄6號1樓,0925-198033,25.046545,121.5730038
406,信義區,六合里,臺北市信義區六合里辦公處,社區照顧關懷據點 2-3時段,臺北市信義區六合里松仁路240巷19號3樓,0900-605752,25.024319,121.5688427
407,信義區,六合里,臺北市信義區挹翠社區發展協會,社區照顧關懷據點 6-7時段,臺北市信義區六合里紫雲街23號1樓,02-27228636,25.0185873,121.5743968
408,信義區,四育里,臺北市信義區四育里辦公處,社區照顧關懷據點 4-5時段,臺北市信義區四育里松隆路290號1樓,0968-257802,25.0481409,121.5762374
409,信義區,四育里,臺北市立永吉國民中學,社區照顧關懷據點 樂齡學堂,臺北市信義區四育里松隆路161號,02-27649066#138,25.0477826,121.5730102
410,信義區,四維里,臺北市信義區四維里辦公處,社區照顧關懷據點 2-3時段,臺北市信義區四維里虎林街70巷1號1樓,0915-252215,25.0441982,121.5768646
411,信義區,正和里,財團法人雙福社會福利慈善事業基金 會(信義社區照顧關懷據點),社區照顧關懷據點 10個時段,臺北市信義區正和里光復南路443巷9號/臺北市信 義區正和里光復南路447-44號,0918-411278,25.0353556,121.5586661
412,信義區,正和里,臺北市信義區正和里辦公處,社區照顧關懷據點 4-5時段,臺北市信義區正和里仁愛路4段452巷3號,0939-415358,25.0370364,121.559344
413,信義區,永吉里,財團法人中華民國佛教慈濟慈善事業 基金會(東區會所),社區照顧關懷據點 4-5時段,臺北市信義區永吉里松隆路327號,02-82281628分機58,25.0482881,121.5786738
414,信義區,永春里,臺北市信義區永春社區發展協會,社區照顧關懷據點 4-5時段,臺北市信義區永春里松山路287巷3弄21號,0966-728305,25.0435193,121.57823
415,信義區,永春里,臺北市信義區雙永國民小學,社區照顧關懷據點 樂齡學堂,臺北市信義區永春里松山路287巷5號,02-87858111#1800,25.0431301,121.5793559
416,信義區,安康里,臺北市信義區安康里辦公處,社區照顧關懷據點 8-9時段,臺北市信義區安康里虎林街232巷55號,0937-853597,25.0358654,121.5761703
417,信義區,西村里,臺北市信義區西村里辦公處,社區照顧關懷據點 6-7時段,臺北市信義區西村里基隆路1段364巷22號,02-27586396,25.0419415,121.5653136
418,信義區,松友里,臺北市信義區松友社區發展協會,社區照顧關懷據點 6-7時段,臺北市信義區松友里信義路6段76巷2弄22號1樓,02-23466669 0967-149699,25.0344075,121.5760432
419,信義區,松光里,臺北市信義區松光里辦公處,社區照顧關懷據點 4-5時段,臺北市信義區松光里忠孝東路5段492巷32號,02-27278925,25.0405415,121.566819
420,信義區,長春里,臺北市信義區長春里辦公處,社區照顧關懷據點 2-3時段,臺北市信義區長春里忠孝東路5段423巷45號、47號 1樓、47號2樓,0937-042279,25.0405415,121.566819
421,信義區,長春里,臺北市信義區永安社區發展協會,社區照顧關懷據點 6-7時段,臺北市信義區長春里松山路294號4樓(永春區民活動 中心),0963-763236,25.0431291,121.5774477
422,信義區,長春里,臺北市信義區雙春社區發展協會,社區照顧關懷據點 8-9時段,臺北市信義區長春里松山路294號2樓,02-27695123,25.0430691,121.5775774
423,信義區,泰和里,臺北市信義區泰和社區發展協會,社區照顧關懷據點 4-5時段,臺北市信義區泰和里松仁路308巷60號1樓，臺北市 信義區泰和里松仁路308巷61號,0987-052143,25.0212921,121.5704231
424,信義區,國業里,臺北市信義區國業里辦公處,社區照顧關懷據點 4-5時段,臺北市信義區國業里虎林街222巷15號,02-27262518,25.0370782,121.5769411
425,信義區,富台里,臺北市信義區富台里辦公處,社區照顧關懷據點 4-5時段,臺北市信義區富台里忠孝東路5段423巷4弄22號,0901-156880,25.0405415,121.566819
426,信義區,惠安里,臺北市信義區惠安里辦公處,社區照顧關懷據點 6-7時段,臺北市信義區惠安里吳興街506巷21號,02-27588650,25.0230002,121.5685041
427,信義區,景勤里,財團法人臺北醫學大學展齡中心(信 義),社區照顧關懷據點 10個時段,臺北市信義區景勤里吳興街156-6號2樓,02-27361661#2774,25.0292992,121.5618308
428,信義區,景聯里,臺北市信義區景聯里辦公處,社區照顧關懷據點 4-5時段,臺北市信義區景聯里基隆路2段39巷37弄2號,0900-602217,25.0306682,121.5600567
429,信義區,雅祥里,臺北市信義區興雅祥社區發展協會,社區照顧關懷據點 4-5時段,臺北市信義區雅祥里基隆路1段35巷9弄2號1樓/臺 北市信義區基隆路1段35巷7弄35號,0978-810820,25.0419415,121.5653136
430,信義區,新仁里,台灣沐風關懷協會,社區照顧關懷據點 4-5時段,臺北市信義區新仁里忠孝東路4段563號2樓、5樓,0918-771757,25.0409687,121.5650196
431,信義區,新仁里,臺北市立松山高級中學,社區照顧關懷據點 樂齡學堂,臺北市信義區基隆路1段156號,02-27535968#214,25.0419415,121.5653136
432,信義區,嘉興里,臺北市信義區嘉興里辦公處,社區照顧關懷據點 4-5時段,臺北市信義區嘉興里嘉興街175巷6號,0933-267062,25.02764,121.5575501
433,信義區,嘉興里,中華民國老人福利協進會,社區照顧關懷據點 6-7時段,臺北市信義區嘉興里信安街78-80號2樓(連棟),02-27382357,25.0260907,121.5571725
434,信義區,廣居里,社團法人台灣厝邊有愛關懷協會(永 吉教會),社區照顧關懷據點 6-7時段,臺北市信義區廣居里虎林街155-157-159號1樓,02-27238578,25.0394434,121.5768521
435,信義區,黎平里,台灣體適能健康促進協會(黎平),社區照顧關懷據點 4-5時段,臺北市信義區黎平里崇德街118-120號1樓,0938-598298,25.0238691,121.5559187
436,信義區,黎安里,臺北醫學大學高齡健康暨長期照護學 系(大我新舍),社區照顧關懷據點 6-7時段,臺北市信義區黎安里和平東路3段599號,02-27361661,25.0002887,121.5735773
437,信義區,黎忠里,台灣體適能健康促進協會(黎忠),社區照顧關懷據點 4-5時段,臺北市信義區黎忠里和平東路3段391巷16號2樓,0938-598298,25.0203454,121.5581494
438,信義區,黎順里,臺北市信義區黎順里辦公處,社區照顧關懷據點 2-3時段,臺北市信義區黎順里崇德街15號,0900-606521,25.0244485,121.5535299
439,信義區,黎順里,台北市私立喬治高級工商職業學校,社區照顧關懷據點 樂齡學堂,臺北市信義區黎順里基隆路2段155號,02-27386515#231,25.0256547,121.5545674
440,信義區,興雅里,財團法人中華民國大同老人福利基金 會,社區照顧關懷據點 8-9時段,臺北市信義區興雅里基隆路1段155號3樓之6-9,02-27670563,25.0419415,121.5653136
441,信義區,雙和里,社團法人台北市信義區雙和社區發展 協會,社區照顧關懷據點 8-9時段,臺北市信義區雙和里吳興街284巷24弄12號,02-27381447,25.0242953,121.5631423
442,南港區,九如里,臺北市南港區久如社區發展協會,社區照顧關懷據點 10個時段,臺北市南港區九如里研究院路2段208號1樓,0933-122481,25.0367075,121.617081
443,南港區,三重里,台北市樂健發展協會,社區照顧關懷據點 2-3時段,臺北市南港區三重里興東街1號2樓,0939-378239,25.0556472,121.613087
444,南港區,中南里,財團法人弘道老人福利基金會,社區照顧關懷據點 10個時段,臺北市南港區中南里市民大道8段588巷18號,0979-810136,25.0538015,121.6145084
445,南港區,中南里,社團法人中華基督教加倍愛全人關懷 協會,社區照顧關懷據點 8-9時段,臺北市南港區中南里忠孝東路7段625巷16號,0905-818922,25.0457681,121.5828226
446,南港區,中研里,臺北市南港區中研新村社區發展協會,社區照顧關懷據點 8-9時段,臺北市南港區中研里研究院路2段70巷49號1樓;12 號2樓:28號1樓,0937-858636,25.0456293,121.6131292
447,南港區,中研里,社團法人台灣厝邊有愛關懷協會(中 研教會),社區照顧關懷據點 8-9時段,臺北市南港區中研里研究院路2段11巷5號,0911-186101,25.0466822,121.6158315
448,南港區,中研里,臺北市南港區好厝邊社區發展協會,社區照顧關懷據點 8-9時段,臺北市南港區中研里研究院路2段70巷12號2樓,0938-129401,25.0453663,121.6145488
449,南港區,仁福里,臺北市南港區仁福里辦公處,社區照顧關懷據點 8-9時段,臺北市南港區仁福里福德街443號1樓,0919-619949,25.0396894,121.592693
450,南港區,仁福里,臺北市南港區仁福社區發展協會,社區照顧關懷據點 8-9時段,臺北市南港區仁福里福德街373巷61號1樓,0917-232297,25.039477,121.5921375
451,南港區,玉成里,臺北市全人探索協會,社區照顧關懷據點 6-7時段,臺北市南港區玉成里八德路4段768之1號4樓至6樓,0918-054725,25.0503038,121.5799601
452,南港區,玉成里,社團法人台灣厝邊有愛關懷協會(錫 安教會),社區照顧關懷據點 6-7時段,臺北市南港區玉成里玉成街20號,02-27831891,25.0503564,121.5806486
453,南港區,合成里,財團法人以琳基督徒中心,社區照顧關懷據點 8-9時段,臺北市南港區合成里中坡北路92號2樓,02-26511002#13,25.047885,121.580579
454,南港區,成福里,臺北市南港區成福里辦公處,社區照顧關懷據點 2-3時段,臺北市南港區成福里東新街80巷9弄11號,0972-246138,25.0459878,121.5877315
455,南港區,百福里,臺北市南港區百福里辦公處,社區照顧關懷據點 2-3時段,臺北市南港區百福里福德街337號,0932-281165,25.0394361,121.5884166
456,南港區,西新里,社團法人台灣多元社會福利協會(瀞 德),社區照顧關懷據點 4-5時段,臺北市南港區西新里成功路1段82巷11號,918124780,25.0573882,121.5893813
457,南港區,西新里,臺北市南港區西新里辦公處,社區照顧關懷據點 4-5時段,臺北市南港區西新里成功路1段99號,0908-809805,25.0576618,121.5902615
458,南港區,西新里,臺北市南港區玉成國民小學,社區照顧關懷據點 樂齡學堂,臺北市南港區西新里向陽路31號,02-27836049#163,25.0537916,121.5935424
459,南港區,南港里,財團法人台北市基督教南港浸信會 (臨時會堂),社區照顧關懷據點 4-5時段,臺北市南港區南港里南港路1段293號,0905-200370,25.0530895,121.6069541
460,南港區,重陽里,財團法人台灣省私立健順養護中心 (南港老人服務暨日間照顧中心),社區照顧關懷據點 2-3時段,臺北市南港區重陽里重陽路187巷5號1.2樓,02-2653-5311#21,25.0576659,121.5986598
461,南港區,新富里,臺北市南港區新富里辦公處,社區照顧關懷據點 6-7時段,臺北市南港區新富里富康街25號,0952-167703,25.053651,121.61738
462,南港區,萬福里,社團法人中華民國我願意全人關懷協 會,社區照顧關懷據點 8-9時段,臺北市南港區萬福里東新街64巷7、11、13號地下 樓;同德路85巷6號1樓,02-27826248,25.047211,121.5855436
463,南港區,聯成里,台北市後山埤文化發展協會,社區照顧關懷據點 10個時段,臺北市南港區聯成里東新街77巷31號,02-27851737,25.0477391,121.5882798
464,南港區,聯成里,臺北市南港區成德國民小學,社區照顧關懷據點 樂齡學堂,臺北市南港區聯成里東新街65號,02-27851376#165,25.0473523,121.5871226
465,南港區,鴻福里,臺北市南港區鴻福社區發展協會,社區照顧關懷據點 8-9時段,臺北市南港區鴻福里成福路84號1樓,0958-151645,25.0438066,121.5865459
466,南港區,舊莊里,財團法人台灣基督傳道會復生教會,社區照顧關懷據點 8-9時段,臺北市南港區舊莊里南深路21巷18號1樓,02-27822075,25.0379276,121.6219253
467,南港區,舊莊里,社團法人臺北市南港區舊莊社區發展 協會,社區照顧關懷據點 8-9時段,臺北市南港區舊莊里舊莊街1段91巷11號,0931-518686,25.0370335,121.6240441
468,萬華區,仁德里,臺北市萬華區仁德里辦公處,社區照顧關懷據點 2-3時段,臺北市萬華區仁德里西寧南路192之2號1樓,02-23316860,25.0389662,121.5061844
469,萬華區,仁德里,財團法人台北市中國基督教靈糧世界 佈道會台北靈糧堂(萬華靈糧福音中 心),社區照顧關懷據點 8-9時段,臺北市萬華區仁德里桂林路27號1樓、31號1樓,02-23315658,25.0379636,121.5048448
470,萬華區,日祥里,臺北市萬華日祥關懷協會,社區照顧關懷據點 4-5時段,臺北市萬華區日祥里青年路186-1號 第二教室,0933-719446,25.0201451,121.5036802
471,萬華區,日善里,財團法人天主教單國璽弱勢族群社福 基金會,社區照顧關懷據點 8-9時段,臺北市萬華區日善里西藏路201號,02-23070052,25.0276236,121.4991888
472,萬華區,西門里,社團法人台北市教會愛幫協會,社區照顧關懷據點 2-3時段,臺北市萬華區西門里中華路1段144號4樓,02-23116767#406,25.0438886,121.5088024
473,萬華區,孝德里,臺北市萬華區孝德里辦公處,社區照顧關懷據點 4-5時段,臺北市萬華區孝德里德昌街261巷16號1樓,0932-015015,25.022452,121.492269
474,萬華區,和德里,臺北市和德長壽健康促進協會,社區照顧關懷據點 6-7時段,臺北市萬華區和德里興義街25號1樓,02-23395285,25.0268592,121.4921752
475,萬華區,和德里,臺北市立雙園國民中學,社區照顧關懷據點 樂齡學堂,臺北市萬華區和德里興義街2號,02-23030827#151,25.0275857,121.4927516
476,萬華區,忠貞里,臺北市萬華區忠貞里辦公處,社區照顧關懷據點 2-3時段,臺北市萬華區忠貞里青年路58號,0953-190521,25.0246187,121.5027869
477,萬華區,忠德里,臺北市萬華區忠德里辦公處,社區照顧關懷據點 2-3時段,臺北市萬華區忠德里東園街66巷24弄1號1樓,913303616,25.0248918,121.4956157
478,萬華區,青山里,龍山老人服務中心(財團法人台北市 立心慈善基金會),社區照顧關懷據點 功能型(老服中心),臺北市萬華區青山里梧州街36號3樓,02-23361881#20,25.037353,121.4974138
479,萬華區,保德里,臺北市萬華區保德社區發展協會,社區照顧關懷據點 8-9時段,臺北市萬華區保德里東園街140巷8號、10號,02-23323337,25.0232728,121.4970914
480,萬華區,柳鄉里,社團法人中華善德關懷協會,社區照顧關懷據點 4-5時段,臺北市萬華區柳鄉里環河南路2段102號3樓,0975-821326,25.0369132,121.4953786
481,萬華區,凌霄里,主愛社會關懷協會,社區照顧關懷據點 4-5時段,臺北市萬華區凌霄里中華路2段504巷43號1樓,02-23031453,25.0247464,121.5087008
482,萬華區,頂碩里,臺北市萬華區頂碩里辦公處,社區照顧關懷據點 4-5時段,臺北市萬華區頂碩里興寧街2號3樓,0963-038625,25.0322385,121.5020158
483,萬華區,富福里,臺北市立龍山國民中學,社區照顧關懷據點 樂齡學堂,臺北市萬華區富福里南寧路46號,02-23362789#601,25.0359578,121.5047024
484,萬華區,菜園里,臺北市萬華區菜園社區發展協會,社區照顧關懷據點 2-3時段,臺北市萬華區菜園里內江街150號2樓,02-23888990,25.0416733,121.5014942
485,萬華區,華江里,台北市萬華區華江社區發展協會,社區照顧關懷據點 6-7時段,臺北市萬華區華江里長順街臨127號,02-23081454,25.0319933,121.4896822
486,萬華區,新安里,臺北市萬華區新安里辦公處,社區照顧關懷據點 2-3時段,臺北市萬華區新安里新安里萬大路187巷8號1樓,02-23049324,25.0279204,121.5008438
487,萬華區,新和里,臺北市萬華區新和里辦公處,社區照顧關懷據點 6-7時段,臺北市萬華區新和里中華路2段416巷13之1號;中華 路2段364巷9號;青年路40號;青年路30巷,02-23390506,25.0270169,121.5042032
488,萬華區,新和里,臺北市萬華區青年社區發展協會,社區照顧關懷據點 8-9時段,臺北市萬華區新和里中華路2段416巷9-3-9-4號; 中華路2段364巷9號;青年路40號,02-23037844,25.0279348,121.5057174
489,萬華區,新忠里,臺北市萬華區新忠里辦公處,社區照顧關懷據點 8-9時段,臺北市萬華區新忠里西藏路125巷7號1樓,0931-360310,25.0287637,121.5023125
490,萬華區,萬壽里,臺北市萬華區萬壽里辦公處,社區照顧關懷據點 2-3時段,臺北市萬華區萬壽里康定路19號,0970-778508,25.0453226,121.5032535
491,萬華區,壽德里,臺北市萬華區壽德里辦公處,社區照顧關懷據點 4-5時段,臺北市萬華區壽德里長泰街45號.47號1F,02-23328377,25.023133,121.500314
492,萬華區,壽德里,中華民國雙囍老人義務教育推廣協會,社區照顧關懷據點 6-7時段,臺北市萬華區壽德里萬大路411號2樓;南寧路46號 (週三雙囍有約美食課在龍山國中烹飪教室),02-2331-7158#18/ 0908410883,25.0217924,121.4990396
493,萬華區,壽德里,臺北市萬華區萬大社區發展協會,社區照顧關懷據點 6-7時段,臺北市萬華區壽德里萬大路329巷25號1樓,0933-7476120,25.0237479,121.5010896
494,萬華區,福星里,臺北市體育總會瑜珈協會,社區照顧關懷據點 2-3時段,臺北市萬華區福星里西寧南路6-1號,02-23759900#616,25.0475663,121.5064195
495,萬華區,福星里,臺北市萬華老人服務中心(財團法人 天主教失智老人社會福利基金會),社區照顧關懷據點 功能型(老服中心),臺北市萬華區福星里西寧南路4號A棟3樓,02-23610666,25.0479314,121.5072371
496,萬華區,福音里,臺北市萬華區福音里辦公處,社區照顧關懷據點 2-3時段,臺北市萬華區福音里昆明街284號1樓;永福街77號1 樓,0979-608343,25.0389016,121.5027532
497,萬華區,福音里,社團法人台北市艾馨公益慈善會,社區照顧關懷據點 8-9時段,臺北市萬華區福音里康定路229號6樓,0985-582990,25.0353733,121.5013573
498,萬華區,綠堤里,臺北市萬華區綠堤里辦公處,社區照顧關懷據點 2-3時段,臺北市萬華區綠堤里大理街170巷64號1樓,0988-179739,25.0326867,121.4926809
499,萬華區,銘德里,臺北市萬華區銘德里辦公處,社區照顧關懷據點 2-3時段,臺北市萬華區銘德里長泰街219號1樓,0956-911798,25.0215669,121.4952062
500,萬華區,糖廍里,臺北市萬華區糖廍里辦公處,社區照顧關懷據點 4-5時段,臺北市萬華區糖廍里大理街106號、132-7號(糖? 文化園區A、C倉及菜圃),0937-925081,25.0333595,121.4946302
501,萬華區,錦德里,臺北市萬華區錦德里辦公處,社區照顧關懷據點 4-5時段,臺北市萬華區錦德里寶興街80巷18號,0988-179748,25.0257504,121.4939029
502,萬華區,錦德里,財團法人環宇國際文化教育基金會 (萬華),社區照顧關懷據點 6-7時段,臺北市萬華區錦德里西園路2段279之6號,02-23098844,25.0251948,121.4921535
503,萬華區,雙園里,財團法人天主教聖母聖心會,社區照顧關懷據點 8-9時段,臺北市萬華區雙園里興寧街70號,02-23028934,25.0323563,121.4994604
504,萬華區,雙園里,臺北市萬華區雙園國民小學,社區照顧關懷據點 樂齡學堂,臺北市萬華區雙園里莒光路315號,02-23061893#161,25.0308183,121.4985878
505,萬華區,騰雲里,臺北市萬華區馬場町社區發展協會,社區照顧關懷據點 6-7時段,臺北市萬華區騰雲里中華路2段596巷1號,0983-372223,25.0245987,121.5094041